"op","dms_update_ts","logtime","siteid","probeid","firstseenat","sourceidtype","trackedvehicletypeid","schema_name","table_name","ingest_hour","ingest_year","ingest_month","ingest_day","op","dms_update_ts","id","number","activity_id","enabled","name","beaconindex","instance_id","androidname","longitude","latitude","status_date","entry_status_username","ingest_hour","ingest_year","ingest_month","ingest_day","in_out_filter","seq"
"I","2022-03-05 23:38:05.307000","2022-03-06 09:37:39 +10:30","92","968546674","2022-03-06 09:37:39 +10:30","1","0","dbo","BTRecords","10","2022","03","06","I","2021-05-28 03:25:56.677693","92","92","1","true","PORTRUSH ROAD -MOUNT BARKER ROAD -CROSS ROAD","9","PORTRUSH ROAD; MOUNT BARKER ROAD; CROSS ROAD","Port Rush Road; Mount Barker Road; Cross Road","138.644018","-34.963378",,"BTSites","12","2021","05","28","1","1"
"I","2022-03-05 23:38:05.307000","2022-03-06 09:37:39 +10:30","92","968546674","2022-03-06 09:37:39 +10:30","1","0","dbo","BTRecords","10","2022","03","06","I","2021-07-06 01:49:39.336500","92","92","1","true","PORTRUSH ROAD -MOUNT BARKER ROAD -CROSS ROAD","9","PORTRUSH ROAD; MOUNT BARKER ROAD; CROSS ROAD","Port Rush Road; Mount Barker Road; Cross Road","138.644018","-34.963378",,"BTSites","11","2021","07","06","2","2"
"I","2022-03-05 23:38:34.877000","2022-03-06 09:38:23 +10:30","1313","968546674","2022-03-06 09:38:07 +10:30","1","0","dbo","BTRecords","10","2022","03","06","I","2021-07-06 01:49:39.394696","1313","1313","1","true","GLEN OSMOND ROAD NEAR QUEENS LANE MYRTLE BANK","544","GLEN OSMOND ROAD; NEAR QUEENS LANE","GLEN OSMOND ROAD; NEAR QUEENS LANE","138.641584","-34.960419",,"BTSites","11","2021","07","06","2","3"
"I","2022-03-05 23:38:34.877000","2022-03-06 09:38:23 +10:30","1313","968546674","2022-03-06 09:38:07 +10:30","1","0","dbo","BTRecords","10","2022","03","06","I","2021-05-28 03:25:56.717512","1313","1313","1","true","GLEN OSMOND ROAD NEAR QUEENS LANE MYRTLE BANK","544","GLEN OSMOND ROAD; NEAR QUEENS LANE","GLEN OSMOND ROAD; NEAR QUEENS LANE","138.641584","-34.960419",,"BTSites","12","2021","05","28","1","4"
"I","2022-03-05 23:39:05.393000","2022-03-06 09:38:52 +10:30","1178","968546674","2022-03-06 09:38:41 +10:30","1","0","dbo","BTRecords","10","2022","03","06","I","2021-05-28 03:25:56.716854","1178","1178","1","true","GLEN OSMOND ROAD  SE OF FISHER STREET GLEN OSMOND","545","GLEN OSMOND ROAD;  NEAR FISHER STREET","GLEN OSMOND ROAD;  NEAR FISHER STREET","138.638218","-34.95636",,"BTSites","12","2021","05","28","1","5"
"I","2022-03-05 23:39:05.393000","2022-03-06 09:38:52 +10:30","1178","968546674","2022-03-06 09:38:41 +10:30","1","0","dbo","BTRecords","10","2022","03","06","I","2021-07-06 01:49:39.389395","1178","1178","1","true","GLEN OSMOND ROAD  SE OF FISHER STREET GLEN OSMOND","545","GLEN OSMOND ROAD;  NEAR FISHER STREET","GLEN OSMOND ROAD;  NEAR FISHER STREET","138.638218","-34.95636",,"BTSites","11","2021","07","06","2","6"
"I","2022-03-05 23:44:02.203000","2022-03-06 09:43:56 +10:30","374","968546674","2022-03-06 09:43:56 +10:30","1","0","dbo","BTRecords","10","2022","03","06","I","2021-07-06 01:49:39.364829","374","374","1","true","GLEN OSMOND ROAD -CONYNGHAM ST-BEVINGTON ROAD","185","GLEN OSMOND ROAD; CONNING HAM STREET; BEV INGTON ROAD","Glen Osmond Road; Conyngham Street; Bevington Road","138.63445","-34.951833",,"BTSites","11","2021","07","06","2","7"
"I","2022-03-05 23:44:02.203000","2022-03-06 09:43:56 +10:30","374","968546674","2022-03-06 09:43:56 +10:30","1","0","dbo","BTRecords","10","2022","03","06","I","2021-05-28 03:25:56.701704","374","374","1","true","GLEN OSMOND ROAD -CONYNGHAM ST-BEVINGTON ROAD","185","GLEN OSMOND ROAD; CONNING HAM STREET; BEV INGTON ROAD","Glen Osmond Road; Conyngham Street; Bevington Road","138.63445","-34.951833",,"BTSites","12","2021","05","28","1","8"
"I","2022-03-05 23:45:06.507000","2022-03-06 09:44:56 +10:30","20787","968546674","2022-03-06 09:44:44 +10:30","1","0","dbo","BTRecords","10","2022","03","06","I","2021-05-28 03:25:56.719859","20787","50383","1","true","Conyngham Street near Glenunga International High School","1027","Conyngham Street; near Glenunga International High School","Conyngham Street; near Glenunga International High School","138.634399","-34.949844",,"BTSites","12","2021","05","28","1","9"
"I","2022-03-05 23:45:06.507000","2022-03-06 09:44:56 +10:30","20787","968546674","2022-03-06 09:44:44 +10:30","1","0","dbo","BTRecords","10","2022","03","06","I","2021-07-06 01:49:39.428053","20787","50383","1","true","Conyngham Street near Glenunga International High School","1027","Conyngham Street; near Glenunga International High School","Conyngham Street; near Glenunga International High School","138.634399","-34.949844",,"BTSites","11","2021","07","06","2","10"
"I","2022-03-05 23:47:05.390000","2022-03-06 09:47:00 +10:30","531","968546674","2022-03-06 09:46:44 +10:30","1","0","dbo","BTRecords","10","2022","03","06","I","2021-05-28 03:25:56.706257","531","531","1","true","GREENHILL ROAD - CONYNGHAM STREET","245","GREENHILL ROAD; CONNING HAM STREET","GREENHILL ROAD ; CONYNGHAM STREET","138.633607","-34.939638",,"BTSites","12","2021","05","28","1","11"
"I","2022-03-05 23:47:05.390000","2022-03-06 09:47:00 +10:30","531","968546674","2022-03-06 09:46:44 +10:30","1","0","dbo","BTRecords","10","2022","03","06","I","2021-07-06 01:49:39.379145","531","531","1","true","GREENHILL ROAD - CONYNGHAM STREET","245","GREENHILL ROAD; CONNING HAM STREET","GREENHILL ROAD ; CONYNGHAM STREET","138.633607","-34.939638",,"BTSites","11","2021","07","06","2","12"
"I","2022-03-05 23:48:15.713000","2022-03-06 09:47:49 +10:30","1221","968546674","2022-03-06 09:47:49 +10:30","1","0","dbo","BTRecords","10","2022","03","06","I","2021-05-28 03:25:56.717035","1221","1221","1","true","GREENHILL ROAD  E OF SYDNEY STREET GLENSIDE","773","GREENHILL ROAD  NEAR SYDNEY STREET","GREENHILL ROAD  NEAR SYDNEY STREET","138.641523","-34.939224",,"BTSites","12","2021","05","28","1","13"
"I","2022-03-05 23:48:15.713000","2022-03-06 09:47:49 +10:30","1221","968546674","2022-03-06 09:47:49 +10:30","1","0","dbo","BTRecords","10","2022","03","06","I","2021-07-06 01:49:39.391069","1221","1221","1","true","GREENHILL ROAD  E OF SYDNEY STREET GLENSIDE","773","GREENHILL ROAD  NEAR SYDNEY STREET","GREENHILL ROAD  NEAR SYDNEY STREET","138.641523","-34.939224",,"BTSites","11","2021","07","06","2","14"
"I","2022-03-05 23:48:15.713000","2022-03-06 09:47:49 +10:30","1221","968546674","2022-03-06 09:47:49 +10:30","1","0","dbo","BTRecords","10","2022","03","06","U","2021-11-16 02:28:51.643000","1221","1221","1","true","Greenhill Road - Sydney Street","773","Greenhill Road; Sydney Street","Greenhill Road; Sydney Street","138.64061","-34.939304",,"BTSites","12","2021","11","16","3","15"
"I","2022-03-05 23:48:15.713000","2022-03-06 09:47:58 +10:30","88","968546674","2022-03-06 09:47:58 +10:30","1","0","dbo","BTRecords","10","2022","03","06","I","2021-07-06 01:49:39.336463","88","88","1","true","PORTRUSH ROAD - GREENHILL ROAD","248","PORTRUSH ROAD; GREENHILL ROAD","PORTRUSH ROAD ; GREENHILL ROAD","138.642422","-34.939178",,"BTSites","11","2021","07","06","2","16"
"I","2022-03-05 23:48:15.713000","2022-03-06 09:47:58 +10:30","88","968546674","2022-03-06 09:47:58 +10:30","1","0","dbo","BTRecords","10","2022","03","06","I","2021-05-28 03:25:56.677659","88","88","1","true","PORTRUSH ROAD - GREENHILL ROAD","248","PORTRUSH ROAD; GREENHILL ROAD","PORTRUSH ROAD ; GREENHILL ROAD","138.642422","-34.939178",,"BTSites","12","2021","05","28","1","17"
"I","2022-03-05 23:49:13.997000","2022-03-06 09:49:00 +10:30","438","968546674","2022-03-06 09:49:00 +10:30","1","0","dbo","BTRecords","10","2022","03","06","I","2021-05-28 03:25:56.702724","438","438","1","true","GRREENHILL ROAD - DEVEREUX ROAD","29","GREENHILL ROAD; DEVAR ROW ROAD","Greenhill Road; Deverrow Road","138.651388","-34.938802",,"BTSites","12","2021","05","28","1","18"
"I","2022-03-05 23:49:13.997000","2022-03-06 09:49:00 +10:30","438","968546674","2022-03-06 09:49:00 +10:30","1","0","dbo","BTRecords","10","2022","03","06","I","2021-07-06 01:49:39.374594","438","438","1","true","GRREENHILL ROAD - DEVEREUX ROAD","29","GREENHILL ROAD; DEVAR ROW ROAD","Greenhill Road; Deverrow Road","138.651388","-34.938802",,"BTSites","11","2021","07","06","2","19"
"I","2022-03-05 23:51:33.393000","2022-03-06 09:51:09 +10:30","1210","968546674","2022-03-06 09:51:09 +10:30","1","0","dbo","BTRecords","10","2022","03","06","I","2021-07-06 01:49:39.390697","1210","1210","1","true","GLYNBURN ROAD  S OF YOUNG STREET BURNSIDE","219","GLINBURN ROAD; NEAR; YOUNG STREET","Glynburn Road; near; Young Street","138.65989","-34.934702",,"BTSites","11","2021","07","06","2","20"
"I","2022-03-05 23:51:33.393000","2022-03-06 09:51:09 +10:30","1210","968546674","2022-03-06 09:51:09 +10:30","1","0","dbo","BTRecords","10","2022","03","06","I","2021-05-28 03:25:56.716977","1210","1210","1","true","GLYNBURN ROAD  S OF YOUNG STREET BURNSIDE","219","GLINBURN ROAD; NEAR; YOUNG STREET","Glynburn Road; near; Young Street","138.65989","-34.934702",,"BTSites","12","2021","05","28","1","21"
"I","2022-03-05 23:53:16.573000","2022-03-06 09:52:49 +10:30","86","968546674","2022-03-06 09:52:27 +10:30","1","0","dbo","BTRecords","10","2022","03","06","I","2021-07-06 01:49:39.336435","86","86","1","true","GLYNBURN ROAD - KENSINGTON ROAD","71","GLINBURN ROAD; KENSINGTON ROAD","Glynburn Road; Kensington Road","138.659218","-34.926008",,"BTSites","11","2021","07","06","2","22"
"I","2022-03-05 23:53:16.573000","2022-03-06 09:52:49 +10:30","86","968546674","2022-03-06 09:52:27 +10:30","1","0","dbo","BTRecords","10","2022","03","06","I","2021-05-28 03:25:56.677627","86","86","1","true","GLYNBURN ROAD - KENSINGTON ROAD","71","GLINBURN ROAD; KENSINGTON ROAD","Glynburn Road; Kensington Road","138.659218","-34.926008",,"BTSites","12","2021","05","28","1","23"
"I","2022-03-05 23:54:05.663000","2022-03-06 09:53:56 +10:30","83","968546674","2022-03-06 09:53:40 +10:30","1","0","dbo","BTRecords","10","2022","03","06","I","2021-07-06 01:49:39.336400","83","83","1","true","GLYNBURN ROAD - THE PARADE","283","GLINBURN ROAD; THE PARADE","GLYNBURN ROAD ; THE PARADE","138.658763","-34.920076",,"BTSites","11","2021","07","06","2","24"
"I","2022-03-05 23:54:05.663000","2022-03-06 09:53:56 +10:30","83","968546674","2022-03-06 09:53:40 +10:30","1","0","dbo","BTRecords","10","2022","03","06","I","2021-05-28 03:25:56.677575","83","83","1","true","GLYNBURN ROAD - THE PARADE","283","GLINBURN ROAD; THE PARADE","GLYNBURN ROAD ; THE PARADE","138.658763","-34.920076",,"BTSites","12","2021","05","28","1","25"
"I","2022-03-06 00:00:16.680000","2022-03-06 10:00:12 +10:30","83","968546674","2022-03-06 09:59:35 +10:30","1","0","dbo","BTRecords","10","2022","03","06","I","2021-07-06 01:49:39.336400","83","83","1","true","GLYNBURN ROAD - THE PARADE","283","GLINBURN ROAD; THE PARADE","GLYNBURN ROAD ; THE PARADE","138.658763","-34.920076",,"BTSites","11","2021","07","06","2","26"
"I","2022-03-06 00:00:16.680000","2022-03-06 10:00:12 +10:30","83","968546674","2022-03-06 09:59:35 +10:30","1","0","dbo","BTRecords","10","2022","03","06","I","2021-05-28 03:25:56.677575","83","83","1","true","GLYNBURN ROAD - THE PARADE","283","GLINBURN ROAD; THE PARADE","GLYNBURN ROAD ; THE PARADE","138.658763","-34.920076",,"BTSites","12","2021","05","28","1","27"
"I","2022-03-06 00:02:04.907000","2022-03-06 10:01:59 +10:30","86","968546674","2022-03-06 10:01:11 +10:30","1","0","dbo","BTRecords","10","2022","03","06","I","2021-05-28 03:25:56.677627","86","86","1","true","GLYNBURN ROAD - KENSINGTON ROAD","71","GLINBURN ROAD; KENSINGTON ROAD","Glynburn Road; Kensington Road","138.659218","-34.926008",,"BTSites","12","2021","05","28","1","28"
"I","2022-03-06 00:02:04.907000","2022-03-06 10:01:59 +10:30","86","968546674","2022-03-06 10:01:11 +10:30","1","0","dbo","BTRecords","10","2022","03","06","I","2021-07-06 01:49:39.336435","86","86","1","true","GLYNBURN ROAD - KENSINGTON ROAD","71","GLINBURN ROAD; KENSINGTON ROAD","Glynburn Road; Kensington Road","138.659218","-34.926008",,"BTSites","11","2021","07","06","2","29"
"I","2022-03-06 00:03:04.873000","2022-03-06 10:02:40 +10:30","1210","968546674","2022-03-06 10:02:40 +10:30","1","0","dbo","BTRecords","10","2022","03","06","I","2021-05-28 03:25:56.716977","1210","1210","1","true","GLYNBURN ROAD  S OF YOUNG STREET BURNSIDE","219","GLINBURN ROAD; NEAR; YOUNG STREET","Glynburn Road; near; Young Street","138.65989","-34.934702",,"BTSites","12","2021","05","28","1","30"
"I","2022-03-06 00:03:04.873000","2022-03-06 10:02:40 +10:30","1210","968546674","2022-03-06 10:02:40 +10:30","1","0","dbo","BTRecords","10","2022","03","06","I","2021-07-06 01:49:39.390697","1210","1210","1","true","GLYNBURN ROAD  S OF YOUNG STREET BURNSIDE","219","GLINBURN ROAD; NEAR; YOUNG STREET","Glynburn Road; near; Young Street","138.65989","-34.934702",,"BTSites","11","2021","07","06","2","31"
"I","2022-03-06 00:05:06.077000","2022-03-06 10:04:35 +10:30","438","968546674","2022-03-06 10:04:19 +10:30","1","0","dbo","BTRecords","10","2022","03","06","I","2021-05-28 03:25:56.702724","438","438","1","true","GRREENHILL ROAD - DEVEREUX ROAD","29","GREENHILL ROAD; DEVAR ROW ROAD","Greenhill Road; Deverrow Road","138.651388","-34.938802",,"BTSites","12","2021","05","28","1","32"
"I","2022-03-06 00:05:06.077000","2022-03-06 10:04:35 +10:30","438","968546674","2022-03-06 10:04:19 +10:30","1","0","dbo","BTRecords","10","2022","03","06","I","2021-07-06 01:49:39.374594","438","438","1","true","GRREENHILL ROAD - DEVEREUX ROAD","29","GREENHILL ROAD; DEVAR ROW ROAD","Greenhill Road; Deverrow Road","138.651388","-34.938802",,"BTSites","11","2021","07","06","2","33"
"I","2022-03-06 00:05:31.687000","2022-03-06 10:05:19 +10:30","88","968546674","2022-03-06 10:05:19 +10:30","1","0","dbo","BTRecords","10","2022","03","06","I","2021-07-06 01:49:39.336463","88","88","1","true","PORTRUSH ROAD - GREENHILL ROAD","248","PORTRUSH ROAD; GREENHILL ROAD","PORTRUSH ROAD ; GREENHILL ROAD","138.642422","-34.939178",,"BTSites","11","2021","07","06","2","34"
"I","2022-03-06 00:05:31.687000","2022-03-06 10:05:19 +10:30","88","968546674","2022-03-06 10:05:19 +10:30","1","0","dbo","BTRecords","10","2022","03","06","I","2021-05-28 03:25:56.677659","88","88","1","true","PORTRUSH ROAD - GREENHILL ROAD","248","PORTRUSH ROAD; GREENHILL ROAD","PORTRUSH ROAD ; GREENHILL ROAD","138.642422","-34.939178",,"BTSites","12","2021","05","28","1","35"
"I","2022-03-06 00:06:02.640000","2022-03-06 10:05:50 +10:30","229","968546674","2022-03-06 10:05:50 +10:30","1","0","dbo","BTRecords","10","2022","03","06","I","2021-05-28 03:25:56.696421","229","229","1","true","PORTRUSH ROAD - CATOR STREET RN","543","PORTRUSH ROAD; CAYTOR STREET","PORTRUSH ROAD; CATOR STREET","138.642691","-34.942402",,"BTSites","12","2021","05","28","1","36"
"I","2022-03-06 00:06:02.640000","2022-03-06 10:05:50 +10:30","229","968546674","2022-03-06 10:05:50 +10:30","1","0","dbo","BTRecords","10","2022","03","06","I","2021-07-06 01:49:39.338212","229","229","1","true","PORTRUSH ROAD - CATOR STREET RN","543","PORTRUSH ROAD; CAYTOR STREET","PORTRUSH ROAD; CATOR STREET","138.642691","-34.942402",,"BTSites","11","2021","07","06","2","37"
"I","2022-03-06 00:06:34.890000","2022-03-06 10:06:19 +10:30","1103","968546674","2022-03-06 10:06:19 +10:30","1","0","dbo","BTRecords","10","2022","03","06","I","2021-07-06 01:49:39.380519","1103","1103","1","true","PORTRUSH ROAD  S OF HAY ROAD LINDEN PARK","108","PORTRUSH ROAD;  NEAR; HAY ROAD","Port Rush Road; near; Hay Road","138.643049","-34.947511",,"BTSites","11","2021","07","06","2","38"
"I","2022-03-06 00:06:34.890000","2022-03-06 10:06:19 +10:30","1103","968546674","2022-03-06 10:06:19 +10:30","1","0","dbo","BTRecords","10","2022","03","06","I","2021-05-28 03:25:56.710084","1103","1103","1","true","PORTRUSH ROAD  S OF HAY ROAD LINDEN PARK","108","PORTRUSH ROAD;  NEAR; HAY ROAD","Port Rush Road; near; Hay Road","138.643049","-34.947511",,"BTSites","12","2021","05","28","1","39"
"I","2022-03-06 00:08:01.783000","2022-03-06 10:07:32 +10:30","1254","968546674","2022-03-06 10:07:32 +10:30","1","0","dbo","BTRecords","10","2022","03","06","I","2021-07-06 01:49:39.393352","1254","1254","1","true","PORTRUSH ROAD  S OF FOWLERS ROAD GLEN OSMOND","61","PORTRUSH ROAD; NEAR; FOWLERS ROAD","Port Rush Road; near; Fowlers Road","138.643716","-34.95634",,"BTSites","11","2021","07","06","2","40"
"I","2022-03-06 00:08:01.783000","2022-03-06 10:07:32 +10:30","1254","968546674","2022-03-06 10:07:32 +10:30","1","0","dbo","BTRecords","10","2022","03","06","I","2021-05-28 03:25:56.717191","1254","1254","1","true","PORTRUSH ROAD  S OF FOWLERS ROAD GLEN OSMOND","61","PORTRUSH ROAD; NEAR; FOWLERS ROAD","Port Rush Road; near; Fowlers Road","138.643716","-34.95634",,"BTSites","12","2021","05","28","1","41"
"I","2022-03-06 00:09:01.770000","2022-03-06 10:08:32 +10:30","92","968546674","2022-03-06 10:08:13 +10:30","1","0","dbo","BTRecords","10","2022","03","06","I","2021-07-06 01:49:39.336500","92","92","1","true","PORTRUSH ROAD -MOUNT BARKER ROAD -CROSS ROAD","9","PORTRUSH ROAD; MOUNT BARKER ROAD; CROSS ROAD","Port Rush Road; Mount Barker Road; Cross Road","138.644018","-34.963378",,"BTSites","11","2021","07","06","2","42"
"I","2022-03-06 00:09:01.770000","2022-03-06 10:08:32 +10:30","92","968546674","2022-03-06 10:08:13 +10:30","1","0","dbo","BTRecords","10","2022","03","06","I","2021-05-28 03:25:56.677693","92","92","1","true","PORTRUSH ROAD -MOUNT BARKER ROAD -CROSS ROAD","9","PORTRUSH ROAD; MOUNT BARKER ROAD; CROSS ROAD","Port Rush Road; Mount Barker Road; Cross Road","138.644018","-34.963378",,"BTSites","12","2021","05","28","1","43"
"I","2022-03-06 00:09:34.950000","2022-03-06 10:09:26 +10:30","92","968546674","2022-03-06 10:09:03 +10:30","1","0","dbo","BTRecords","10","2022","03","06","I","2021-07-06 01:49:39.336500","92","92","1","true","PORTRUSH ROAD -MOUNT BARKER ROAD -CROSS ROAD","9","PORTRUSH ROAD; MOUNT BARKER ROAD; CROSS ROAD","Port Rush Road; Mount Barker Road; Cross Road","138.644018","-34.963378",,"BTSites","11","2021","07","06","2","44"
"I","2022-03-06 00:09:34.950000","2022-03-06 10:09:26 +10:30","92","968546674","2022-03-06 10:09:03 +10:30","1","0","dbo","BTRecords","10","2022","03","06","I","2021-05-28 03:25:56.677693","92","92","1","true","PORTRUSH ROAD -MOUNT BARKER ROAD -CROSS ROAD","9","PORTRUSH ROAD; MOUNT BARKER ROAD; CROSS ROAD","Port Rush Road; Mount Barker Road; Cross Road","138.644018","-34.963378",,"BTSites","12","2021","05","28","1","45"
"I","2022-03-06 00:28:01.777000","2022-03-06 10:27:51 +10:30","1223","968699860","2022-03-06 10:27:51 +10:30","1","0","dbo","BTRecords","10","2022","03","06","I","2021-05-28 03:25:56.717043","1223","1223","1","true","KENSINGTON ROAD  E OF HAMILTON STREET ERINDALE","551","KENSINGTON ROAD; NEAR HAMILTON STREET","KENSINGTON ROAD; NEAR HAMILTON STREET","138.662714","-34.92585",,"BTSites","12","2021","05","28","1","46"
"I","2022-03-06 00:28:01.777000","2022-03-06 10:27:51 +10:30","1223","968699860","2022-03-06 10:27:51 +10:30","1","0","dbo","BTRecords","10","2022","03","06","I","2021-07-06 01:49:39.391082","1223","1223","1","true","KENSINGTON ROAD  E OF HAMILTON STREET ERINDALE","551","KENSINGTON ROAD; NEAR HAMILTON STREET","KENSINGTON ROAD; NEAR HAMILTON STREET","138.662714","-34.92585",,"BTSites","11","2021","07","06","2","47"
"I","2022-03-06 00:28:33.220000","2022-03-06 10:28:06 +10:30","86","968699860","2022-03-06 10:28:06 +10:30","1","0","dbo","BTRecords","10","2022","03","06","I","2021-07-06 01:49:39.336435","86","86","1","true","GLYNBURN ROAD - KENSINGTON ROAD","71","GLINBURN ROAD; KENSINGTON ROAD","Glynburn Road; Kensington Road","138.659218","-34.926008",,"BTSites","11","2021","07","06","2","48"
"I","2022-03-06 00:28:33.220000","2022-03-06 10:28:06 +10:30","86","968699860","2022-03-06 10:28:06 +10:30","1","0","dbo","BTRecords","10","2022","03","06","I","2021-05-28 03:25:56.677627","86","86","1","true","GLYNBURN ROAD - KENSINGTON ROAD","71","GLINBURN ROAD; KENSINGTON ROAD","Glynburn Road; Kensington Road","138.659218","-34.926008",,"BTSites","12","2021","05","28","1","49"
"I","2022-03-06 00:29:05.200000","2022-03-06 10:28:50 +10:30","1232","968699860","2022-03-06 10:28:50 +10:30","1","0","dbo","BTRecords","11","2022","03","06","I","2021-07-06 01:49:39.392152","1232","1232","1","true","KENSINGTON ROAD  E OF SHIPSTERS ROAD KENSINGTON","549","KENSINGTON ROAD;  NEAR SHIPSTERS ROAD","KENSINGTON ROAD;  NEAR SHIPSTERS ROAD","138.65058","-34.926463",,"BTSites","11","2021","07","06","2","50"
"I","2022-03-06 00:29:05.200000","2022-03-06 10:28:50 +10:30","1232","968699860","2022-03-06 10:28:50 +10:30","1","0","dbo","BTRecords","11","2022","03","06","I","2021-05-28 03:25:56.717065","1232","1232","1","true","KENSINGTON ROAD  E OF SHIPSTERS ROAD KENSINGTON","549","KENSINGTON ROAD;  NEAR SHIPSTERS ROAD","KENSINGTON ROAD;  NEAR SHIPSTERS ROAD","138.65058","-34.926463",,"BTSites","12","2021","05","28","1","51"
"I","2022-03-06 00:30:01.873000","2022-03-06 10:29:38 +10:30","1065","968699860","2022-03-06 10:29:22 +10:30","1","0","dbo","BTRecords","11","2022","03","06","I","2021-07-06 01:49:39.380314","1065","1065","1","true","KENSINGTON ROAD  E OF MAESBURY STREET KENSINGTON","814","KENSINGTON ROAD  NEAR MAESBURY STREET","KENSINGTON ROAD  NEAR MAESBURY STREET","138.645219","-34.926738",,"BTSites","11","2021","07","06","2","52"
"I","2022-03-06 00:30:01.873000","2022-03-06 10:29:38 +10:30","1065","968699860","2022-03-06 10:29:22 +10:30","1","0","dbo","BTRecords","11","2022","03","06","I","2021-05-28 03:25:56.709559","1065","1065","1","true","KENSINGTON ROAD  E OF MAESBURY STREET KENSINGTON","814","KENSINGTON ROAD  NEAR MAESBURY STREET","KENSINGTON ROAD  NEAR MAESBURY STREET","138.645219","-34.926738",,"BTSites","12","2021","05","28","1","53"
"I","2022-03-06 00:30:01.873000","2022-03-06 10:29:46 +10:30","87","968699860","2022-03-06 10:29:39 +10:30","1","0","dbo","BTRecords","11","2022","03","06","I","2021-07-06 01:49:39.336451","87","87","1","true","PORTRUSH ROAD - KENSINGTON ROAD","117","PORTRUSH ROAD; KENSINGTON ROAD","Port Rush Road; Kensington Road","138.641469","-34.92698",,"BTSites","11","2021","07","06","2","54"
"I","2022-03-06 00:30:01.873000","2022-03-06 10:29:46 +10:30","87","968699860","2022-03-06 10:29:39 +10:30","1","0","dbo","BTRecords","11","2022","03","06","I","2021-05-28 03:25:56.677642","87","87","1","true","PORTRUSH ROAD - KENSINGTON ROAD","117","PORTRUSH ROAD; KENSINGTON ROAD","Port Rush Road; Kensington Road","138.641469","-34.92698",,"BTSites","12","2021","05","28","1","55"
"I","2022-03-06 00:31:05.377000","2022-03-06 10:30:58 +10:30","255","968699860","2022-03-06 10:30:58 +10:30","1","0","dbo","BTRecords","11","2022","03","06","I","2021-07-06 01:49:39.345383","255","255","1","true","OSMOND TERRACE -KENSINGTON ROAD -PRESCOTT TERRACE","76","OSMOND TERRACE; KENSINGTON ROAD; PRESCOTT TERRACE","Osmond Terrace; Kensington Road; Prescott Terrace","138.632547","-34.92742",,"BTSites","11","2021","07","06","2","56"
"I","2022-03-06 00:31:05.377000","2022-03-06 10:30:58 +10:30","255","968699860","2022-03-06 10:30:58 +10:30","1","0","dbo","BTRecords","11","2022","03","06","I","2021-05-28 03:25:56.696744","255","255","1","true","OSMOND TERRACE -KENSINGTON ROAD -PRESCOTT TERRACE","76","OSMOND TERRACE; KENSINGTON ROAD; PRESCOTT TERRACE","Osmond Terrace; Kensington Road; Prescott Terrace","138.632547","-34.92742",,"BTSites","12","2021","05","28","1","57"
"I","2022-03-06 00:31:34.793000","2022-03-06 10:31:28 +10:30","1168","968699860","2022-03-06 10:31:22 +10:30","1","0","dbo","BTRecords","11","2022","03","06","I","2021-07-06 01:49:39.380862","1168","1168","1","true","KENSINGTON ROAD  W OF VICTORIA TERRACE ROSE PARK","548","KENSINGTON ROAD;  NEAR VICTORIA TERRACE","KENSINGTON ROAD;  NEAR VICTORIA TERRACE","138.627788","-34.927697",,"BTSites","11","2021","07","06","2","58"
"I","2022-03-06 00:31:34.793000","2022-03-06 10:31:28 +10:30","1168","968699860","2022-03-06 10:31:22 +10:30","1","0","dbo","BTRecords","11","2022","03","06","I","2021-05-28 03:25:56.716804","1168","1168","1","true","KENSINGTON ROAD  W OF VICTORIA TERRACE ROSE PARK","548","KENSINGTON ROAD;  NEAR VICTORIA TERRACE","KENSINGTON ROAD;  NEAR VICTORIA TERRACE","138.627788","-34.927697",,"BTSites","12","2021","05","28","1","59"
"I","2022-03-06 00:32:31.713000","2022-03-06 10:32:19 +10:30","4503","968699860","2022-03-06 10:32:19 +10:30","1","0","dbo","BTRecords","11","2022","03","06","I","2021-07-06 01:49:39.409811","4503","4503","1","true","BRITANNIA ROUNDABOUT","62","BRITANNIA ROUNDABOUT","Britannia Roundabout","138.623392","-34.927917",,"BTSites","11","2021","07","06","2","60"
"I","2022-03-06 00:32:31.713000","2022-03-06 10:32:19 +10:30","4503","968699860","2022-03-06 10:32:19 +10:30","1","0","dbo","BTRecords","11","2022","03","06","I","2021-05-28 03:25:56.718694","4503","4503","1","true","BRITANNIA ROUNDABOUT","62","BRITANNIA ROUNDABOUT","Britannia Roundabout","138.623392","-34.927917",,"BTSites","12","2021","05","28","1","61"
"I","2022-03-06 00:34:05.890000","2022-03-06 10:33:50 +10:30","3041","968699860","2022-03-06 10:33:50 +10:30","1","0","dbo","BTRecords","11","2022","03","06","I","2021-07-06 01:49:39.407429","3041","3041","1","true","WAKEFIELD STREET - HUTT STREET","121","WAKEFIELD STREET; HUTT STREET","Wakefield Street; Hutt Street","138.612071","-34.928038",,"BTSites","11","2021","07","06","2","62"
"I","2022-03-06 00:34:05.890000","2022-03-06 10:33:50 +10:30","3041","968699860","2022-03-06 10:33:50 +10:30","1","0","dbo","BTRecords","11","2022","03","06","I","2021-05-28 03:25:56.718025","3041","3041","1","true","WAKEFIELD STREET - HUTT STREET","121","WAKEFIELD STREET; HUTT STREET","Wakefield Street; Hutt Street","138.612071","-34.928038",,"BTSites","12","2021","05","28","1","63"
"I","2022-03-06 00:34:31.717000","2022-03-06 10:34:28 +10:30","3069","968699860","2022-03-06 10:33:51 +10:30","1","0","dbo","BTRecords","11","2022","03","06","I","2021-07-06 01:49:39.407929","3069","3069","1","true","WAKEFIELD STREET - FROME STREET","685","WAKEFIELD STREET; FROME STREET","WAKEFIELD STREET; FROME STREET","138.608337","-34.928226",,"BTSites","11","2021","07","06","2","64"
"I","2022-03-06 00:34:31.717000","2022-03-06 10:34:28 +10:30","3069","968699860","2022-03-06 10:33:51 +10:30","1","0","dbo","BTRecords","11","2022","03","06","I","2021-05-28 03:25:56.718150","3069","3069","1","true","WAKEFIELD STREET - FROME STREET","685","WAKEFIELD STREET; FROME STREET","WAKEFIELD STREET; FROME STREET","138.608337","-34.928226",,"BTSites","12","2021","05","28","1","65"
"I","2022-03-06 00:35:06.517000","2022-03-06 10:34:48 +10:30","3023","968699860","2022-03-06 10:34:48 +10:30","1","0","dbo","BTRecords","11","2022","03","06","I","2021-05-28 03:25:56.717923","3023","3023","1","true","WAKEFIELD STREET - PULTENEY STREET","355","WAKEFIELD STREET; PULTENEY STREET","WAKEFIELD STREET ; PULTENEY STREET","138.605972","-34.928288",,"BTSites","12","2021","05","28","1","66"
"I","2022-03-06 00:35:06.517000","2022-03-06 10:34:48 +10:30","3023","968699860","2022-03-06 10:34:48 +10:30","1","0","dbo","BTRecords","11","2022","03","06","I","2021-07-06 01:49:39.406670","3023","3023","1","true","WAKEFIELD STREET - PULTENEY STREET","355","WAKEFIELD STREET; PULTENEY STREET","WAKEFIELD STREET ; PULTENEY STREET","138.605972","-34.928288",,"BTSites","11","2021","07","06","2","67"
"I","2022-03-06 00:36:01.843000","2022-03-06 10:35:37 +10:30","3006","968699860","2022-03-06 10:35:37 +10:30","1","0","dbo","BTRecords","11","2022","03","06","I","2021-05-28 03:25:56.717854","3006","3006","1","true","WAKEFIELD ST -VICTORIA SQUARE","686","WAKEFIELD STREET; KING WILLIAM STREET EAST","WAKEFIELD STREET; KING WILLIAM STREET EAST","138.600677","-34.928516",,"BTSites","12","2021","05","28","1","68"
"I","2022-03-06 00:36:01.843000","2022-03-06 10:35:37 +10:30","3006","968699860","2022-03-06 10:35:37 +10:30","1","0","dbo","BTRecords","11","2022","03","06","I","2021-07-06 01:49:39.397022","3006","3006","1","true","WAKEFIELD ST -VICTORIA SQUARE","686","WAKEFIELD STREET; KING WILLIAM STREET EAST","WAKEFIELD STREET; KING WILLIAM STREET EAST","138.600677","-34.928516",,"BTSites","11","2021","07","06","2","69"
"I","2022-03-06 00:36:33.247000","2022-03-06 10:36:17 +10:30","3006","968699860","2022-03-06 10:36:17 +10:30","1","0","dbo","BTRecords","11","2022","03","06","I","2021-07-06 01:49:39.397022","3006","3006","1","true","WAKEFIELD ST -VICTORIA SQUARE","686","WAKEFIELD STREET; KING WILLIAM STREET EAST","WAKEFIELD STREET; KING WILLIAM STREET EAST","138.600677","-34.928516",,"BTSites","11","2021","07","06","2","70"
"I","2022-03-06 00:36:33.247000","2022-03-06 10:36:17 +10:30","3006","968699860","2022-03-06 10:36:17 +10:30","1","0","dbo","BTRecords","11","2022","03","06","I","2021-05-28 03:25:56.717854","3006","3006","1","true","WAKEFIELD ST -VICTORIA SQUARE","686","WAKEFIELD STREET; KING WILLIAM STREET EAST","WAKEFIELD STREET; KING WILLIAM STREET EAST","138.600677","-34.928516",,"BTSites","12","2021","05","28","1","71"
"I","2022-03-06 00:36:33.247000","2022-03-06 10:36:21 +10:30","3016","968699860","2022-03-06 10:36:21 +10:30","1","0","dbo","BTRecords","11","2022","03","06","I","2021-07-06 01:49:39.406333","3016","3016","1","true","GROTE STREET - KING WILLIAM ST WCWY","687","GROTE STREET; KING WILLIAM STREET WEST","GROTE STREET; KING WILLIAM STREET WEST","138.599181","-34.928649",,"BTSites","11","2021","07","06","2","72"
"I","2022-03-06 00:36:33.247000","2022-03-06 10:36:21 +10:30","3016","968699860","2022-03-06 10:36:21 +10:30","1","0","dbo","BTRecords","11","2022","03","06","I","2021-05-28 03:25:56.717882","3016","3016","1","true","GROTE STREET - KING WILLIAM ST WCWY","687","GROTE STREET; KING WILLIAM STREET WEST","GROTE STREET; KING WILLIAM STREET WEST","138.599181","-34.928649",,"BTSites","12","2021","05","28","1","73"
"I","2022-03-06 00:38:35.007000","2022-03-06 10:38:26 +10:30","3033","968699860","2022-03-06 10:38:26 +10:30","1","0","dbo","BTRecords","11","2022","03","06","I","2021-05-28 03:25:56.717978","3033","3033","1","true","GROTE STREET - MORPHETT STREET","684","GROTE STREET; MORPHETT STREET","GROTE STREET; MORPHETT STREET","138.593906","-34.929004",,"BTSites","12","2021","05","28","1","74"
"I","2022-03-06 00:38:35.007000","2022-03-06 10:38:26 +10:30","3033","968699860","2022-03-06 10:38:26 +10:30","1","0","dbo","BTRecords","11","2022","03","06","I","2021-07-06 01:49:39.407259","3033","3033","1","true","GROTE STREET - MORPHETT STREET","684","GROTE STREET; MORPHETT STREET","GROTE STREET; MORPHETT STREET","138.593906","-34.929004",,"BTSites","11","2021","07","06","2","75"
"I","2022-03-06 00:39:34.490000","2022-03-06 10:39:13 +10:30","3044","968699860","2022-03-06 10:39:13 +10:30","1","0","dbo","BTRecords","11","2022","03","06","I","2021-07-06 01:49:39.407472","3044","3044","1","true","WEST TERRACE - GROTE STREET","704","WEST TERRACE; GROTE STREET","WEST TERRACE; GROTE STREET","138.587703","-34.92926",,"BTSites","11","2021","07","06","2","76"
"I","2022-03-06 00:39:34.490000","2022-03-06 10:39:13 +10:30","3044","968699860","2022-03-06 10:39:13 +10:30","1","0","dbo","BTRecords","11","2022","03","06","I","2021-05-28 03:25:56.718045","3044","3044","1","true","WEST TERRACE - GROTE STREET","704","WEST TERRACE; GROTE STREET","WEST TERRACE; GROTE STREET","138.587703","-34.92926",,"BTSites","12","2021","05","28","1","77"
"I","2022-03-06 00:40:07.333000","2022-03-06 10:39:43 +10:30","3044","968699860","2022-03-06 10:39:43 +10:30","1","0","dbo","BTRecords","11","2022","03","06","I","2021-07-06 01:49:39.407472","3044","3044","1","true","WEST TERRACE - GROTE STREET","704","WEST TERRACE; GROTE STREET","WEST TERRACE; GROTE STREET","138.587703","-34.92926",,"BTSites","11","2021","07","06","2","78"
"I","2022-03-06 00:40:07.333000","2022-03-06 10:39:43 +10:30","3044","968699860","2022-03-06 10:39:43 +10:30","1","0","dbo","BTRecords","11","2022","03","06","I","2021-05-28 03:25:56.718045","3044","3044","1","true","WEST TERRACE - GROTE STREET","704","WEST TERRACE; GROTE STREET","WEST TERRACE; GROTE STREET","138.587703","-34.92926",,"BTSites","12","2021","05","28","1","79"
"I","2022-03-06 00:41:05.147000","2022-03-06 10:40:47 +10:30","488","968699860","2022-03-06 10:40:47 +10:30","1","0","dbo","BTRecords","11","2022","03","06","I","2021-07-06 01:49:39.376771","488","488","1","true","BURBRIDGE ROAD - RAIL TERMINAL ACCESS ROAD","155","SIR DONALD BRADMAN DRIVE; RAIL TERMINAL ACCESS ROAD","Sir Donald Bradman Drive; Rail Terminal Access Road","138.580347","-34.930385",,"BTSites","11","2021","07","06","2","80"
"I","2022-03-06 00:41:05.147000","2022-03-06 10:40:47 +10:30","488","968699860","2022-03-06 10:40:47 +10:30","1","0","dbo","BTRecords","11","2022","03","06","I","2021-05-28 03:25:56.706010","488","488","1","true","BURBRIDGE ROAD - RAIL TERMINAL ACCESS ROAD","155","SIR DONALD BRADMAN DRIVE; RAIL TERMINAL ACCESS ROAD","Sir Donald Bradman Drive; Rail Terminal Access Road","138.580347","-34.930385",,"BTSites","12","2021","05","28","1","81"
"I","2022-03-06 00:41:34.433000","2022-03-06 10:41:05 +10:30","62","968699860","2022-03-06 10:41:05 +10:30","1","0","dbo","BTRecords","11","2022","03","06","I","2021-07-06 01:49:39.336130","62","62","1","true","BURBRIDGE ROAD - RAILWAY TERRACE","209","SIR DONALD BRADMAN DRIVE; RAILWAY TERRACE","Sir Donald Bradman Drive; Railway Terrace","138.575014","-34.931585",,"BTSites","11","2021","07","06","2","82"
"I","2022-03-06 00:41:34.433000","2022-03-06 10:41:05 +10:30","62","968699860","2022-03-06 10:41:05 +10:30","1","0","dbo","BTRecords","11","2022","03","06","I","2021-05-28 03:25:56.677257","62","62","1","true","BURBRIDGE ROAD - RAILWAY TERRACE","209","SIR DONALD BRADMAN DRIVE; RAILWAY TERRACE","Sir Donald Bradman Drive; Railway Terrace","138.575014","-34.931585",,"BTSites","12","2021","05","28","1","83"
"I","2022-03-06 00:43:04.930000","2022-03-06 10:42:55 +10:30","61","968699860","2022-03-06 10:42:42 +10:30","1","0","dbo","BTRecords","11","2022","03","06","I","2021-07-06 01:49:39.336117","61","61","1","true","SOUTH ROAD - BURBRIDGE ROAD","161","SOUTH ROAD; SIR DONALD BRADMAN DRIVE","South Road; Sir Donald Bradman Drive","138.570353","-34.931871",,"BTSites","11","2021","07","06","2","84"
"I","2022-03-06 00:43:04.930000","2022-03-06 10:42:55 +10:30","61","968699860","2022-03-06 10:42:42 +10:30","1","0","dbo","BTRecords","11","2022","03","06","I","2021-05-28 03:25:56.677247","61","61","1","true","SOUTH ROAD - BURBRIDGE ROAD","161","SOUTH ROAD; SIR DONALD BRADMAN DRIVE","South Road; Sir Donald Bradman Drive","138.570353","-34.931871",,"BTSites","12","2021","05","28","1","85"
"I","2022-03-06 00:44:04.927000","2022-03-06 10:43:40 +10:30","187","968699860","2022-03-06 10:43:40 +10:30","1","0","dbo","BTRecords","11","2022","03","06","I","2021-07-06 01:49:39.337700","187","187","1","true","BURBRIDGE ROAD -BAGOT AVENUE BROOKER TERRACE","135","SIR DONALD BRADMAN DRIVE; BAGOT AVENEW; BROOKER TERRACE","Sir Donald Bradman Drive; Bagot Avenue; Brooker Terrace","138.561321","-34.932294",,"BTSites","11","2021","07","06","2","86"
"I","2022-03-06 00:44:04.927000","2022-03-06 10:43:40 +10:30","187","968699860","2022-03-06 10:43:40 +10:30","1","0","dbo","BTRecords","11","2022","03","06","I","2021-05-28 03:25:56.687883","187","187","1","true","BURBRIDGE ROAD -BAGOT AVENUE BROOKER TERRACE","135","SIR DONALD BRADMAN DRIVE; BAGOT AVENEW; BROOKER TERRACE","Sir Donald Bradman Drive; Bagot Avenue; Brooker Terrace","138.561321","-34.932294",,"BTSites","12","2021","05","28","1","87"
"I","2022-03-06 00:51:42.410000","2022-03-06 10:46:01 +10:30","60","968699860","2022-03-06 10:45:56 +10:30","1","0","dbo","BTRecords","11","2022","03","06","I","2021-07-06 01:49:39.336105","60","60","1","true","MARION ROAD - BURBRIDGE ROAD","281","MARRY ON ROAD; SIR DONALD BRADMAN DRIVE","MARION ROAD ; SIR DONALD BRADMAN DRIVE","138.552517","-34.932775",,"BTSites","11","2021","07","06","2","88"
"I","2022-03-06 00:51:42.410000","2022-03-06 10:46:01 +10:30","60","968699860","2022-03-06 10:45:56 +10:30","1","0","dbo","BTRecords","11","2022","03","06","I","2021-05-28 03:25:56.677235","60","60","1","true","MARION ROAD - BURBRIDGE ROAD","281","MARRY ON ROAD; SIR DONALD BRADMAN DRIVE","MARION ROAD ; SIR DONALD BRADMAN DRIVE","138.552517","-34.932775",,"BTSites","12","2021","05","28","1","89"
"I","2022-03-06 00:53:35.040000","2022-03-06 10:53:27 +10:30","163","968699860","2022-03-06 10:53:01 +10:30","1","0","dbo","BTRecords","11","2022","03","06","I","2021-07-06 01:49:39.337395","163","163","1","true","BURBRIDGE ROAD - AIRPORT ROAD","268","SIR DONALD BRADMAN DRIVE; AIRPORT ROAD","SIR DONALD BRADMAN DRIVE ; AIRPORT ROAD","138.541236","-34.932619",,"BTSites","11","2021","07","06","2","90"
"I","2022-03-06 00:53:35.040000","2022-03-06 10:53:27 +10:30","163","968699860","2022-03-06 10:53:01 +10:30","1","0","dbo","BTRecords","11","2022","03","06","I","2021-05-28 03:25:56.684084","163","163","1","true","BURBRIDGE ROAD - AIRPORT ROAD","268","SIR DONALD BRADMAN DRIVE; AIRPORT ROAD","SIR DONALD BRADMAN DRIVE ; AIRPORT ROAD","138.541236","-34.932619",,"BTSites","12","2021","05","28","1","91"
"I","2022-03-06 00:55:36.860000","2022-03-06 10:55:27 +10:30","60","968699860","2022-03-06 10:55:27 +10:30","1","0","dbo","BTRecords","11","2022","03","06","I","2021-05-28 03:25:56.677235","60","60","1","true","MARION ROAD - BURBRIDGE ROAD","281","MARRY ON ROAD; SIR DONALD BRADMAN DRIVE","MARION ROAD ; SIR DONALD BRADMAN DRIVE","138.552517","-34.932775",,"BTSites","12","2021","05","28","1","92"
"I","2022-03-06 00:55:36.860000","2022-03-06 10:55:27 +10:30","60","968699860","2022-03-06 10:55:27 +10:30","1","0","dbo","BTRecords","11","2022","03","06","I","2021-07-06 01:49:39.336105","60","60","1","true","MARION ROAD - BURBRIDGE ROAD","281","MARRY ON ROAD; SIR DONALD BRADMAN DRIVE","MARION ROAD ; SIR DONALD BRADMAN DRIVE","138.552517","-34.932775",,"BTSites","11","2021","07","06","2","93"
"I","2022-03-06 00:57:01.813000","2022-03-06 10:56:39 +10:30","187","968699860","2022-03-06 10:56:29 +10:30","1","0","dbo","BTRecords","11","2022","03","06","I","2021-05-28 03:25:56.687883","187","187","1","true","BURBRIDGE ROAD -BAGOT AVENUE BROOKER TERRACE","135","SIR DONALD BRADMAN DRIVE; BAGOT AVENEW; BROOKER TERRACE","Sir Donald Bradman Drive; Bagot Avenue; Brooker Terrace","138.561321","-34.932294",,"BTSites","12","2021","05","28","1","94"
"I","2022-03-06 00:57:01.813000","2022-03-06 10:56:39 +10:30","187","968699860","2022-03-06 10:56:29 +10:30","1","0","dbo","BTRecords","11","2022","03","06","I","2021-07-06 01:49:39.337700","187","187","1","true","BURBRIDGE ROAD -BAGOT AVENUE BROOKER TERRACE","135","SIR DONALD BRADMAN DRIVE; BAGOT AVENEW; BROOKER TERRACE","Sir Donald Bradman Drive; Bagot Avenue; Brooker Terrace","138.561321","-34.932294",,"BTSites","11","2021","07","06","2","95"
"I","2022-03-06 00:58:32.947000","2022-03-06 10:58:27 +10:30","61","968699860","2022-03-06 10:57:50 +10:30","1","0","dbo","BTRecords","11","2022","03","06","I","2021-05-28 03:25:56.677247","61","61","1","true","SOUTH ROAD - BURBRIDGE ROAD","161","SOUTH ROAD; SIR DONALD BRADMAN DRIVE","South Road; Sir Donald Bradman Drive","138.570353","-34.931871",,"BTSites","12","2021","05","28","1","96"
"I","2022-03-06 00:58:32.947000","2022-03-06 10:58:27 +10:30","61","968699860","2022-03-06 10:57:50 +10:30","1","0","dbo","BTRecords","11","2022","03","06","I","2021-07-06 01:49:39.336117","61","61","1","true","SOUTH ROAD - BURBRIDGE ROAD","161","SOUTH ROAD; SIR DONALD BRADMAN DRIVE","South Road; Sir Donald Bradman Drive","138.570353","-34.931871",,"BTSites","11","2021","07","06","2","97"
"I","2022-03-06 01:00:06.280000","2022-03-06 10:59:35 +10:30","61","968699860","2022-03-06 10:59:24 +10:30","1","0","dbo","BTRecords","11","2022","03","06","I","2021-07-06 01:49:39.336117","61","61","1","true","SOUTH ROAD - BURBRIDGE ROAD","161","SOUTH ROAD; SIR DONALD BRADMAN DRIVE","South Road; Sir Donald Bradman Drive","138.570353","-34.931871",,"BTSites","11","2021","07","06","2","98"
"I","2022-03-06 01:00:06.280000","2022-03-06 10:59:35 +10:30","61","968699860","2022-03-06 10:59:24 +10:30","1","0","dbo","BTRecords","11","2022","03","06","I","2021-05-28 03:25:56.677247","61","61","1","true","SOUTH ROAD - BURBRIDGE ROAD","161","SOUTH ROAD; SIR DONALD BRADMAN DRIVE","South Road; Sir Donald Bradman Drive","138.570353","-34.931871",,"BTSites","12","2021","05","28","1","99"
"I","2022-03-06 01:00:34.523000","2022-03-06 11:00:11 +10:30","62","968699860","2022-03-06 11:00:07 +10:30","1","0","dbo","BTRecords","11","2022","03","06","I","2021-05-28 03:25:56.677257","62","62","1","true","BURBRIDGE ROAD - RAILWAY TERRACE","209","SIR DONALD BRADMAN DRIVE; RAILWAY TERRACE","Sir Donald Bradman Drive; Railway Terrace","138.575014","-34.931585",,"BTSites","12","2021","05","28","1","100"
"I","2022-03-06 01:00:34.523000","2022-03-06 11:00:11 +10:30","62","968699860","2022-03-06 11:00:07 +10:30","1","0","dbo","BTRecords","11","2022","03","06","I","2021-07-06 01:49:39.336130","62","62","1","true","BURBRIDGE ROAD - RAILWAY TERRACE","209","SIR DONALD BRADMAN DRIVE; RAILWAY TERRACE","Sir Donald Bradman Drive; Railway Terrace","138.575014","-34.931585",,"BTSites","11","2021","07","06","2","101"
"I","2022-03-06 01:01:15.810000","2022-03-06 11:00:48 +10:30","488","968699860","2022-03-06 11:00:48 +10:30","1","0","dbo","BTRecords","11","2022","03","06","I","2021-07-06 01:49:39.376771","488","488","1","true","BURBRIDGE ROAD - RAIL TERMINAL ACCESS ROAD","155","SIR DONALD BRADMAN DRIVE; RAIL TERMINAL ACCESS ROAD","Sir Donald Bradman Drive; Rail Terminal Access Road","138.580347","-34.930385",,"BTSites","11","2021","07","06","2","102"
"I","2022-03-06 01:01:15.810000","2022-03-06 11:00:48 +10:30","488","968699860","2022-03-06 11:00:48 +10:30","1","0","dbo","BTRecords","11","2022","03","06","I","2021-05-28 03:25:56.706010","488","488","1","true","BURBRIDGE ROAD - RAIL TERMINAL ACCESS ROAD","155","SIR DONALD BRADMAN DRIVE; RAIL TERMINAL ACCESS ROAD","Sir Donald Bradman Drive; Rail Terminal Access Road","138.580347","-34.930385",,"BTSites","12","2021","05","28","1","103"
"I","2022-03-06 01:02:35.447000","2022-03-06 11:02:08 +10:30","3044","968699860","2022-03-06 11:02:08 +10:30","1","0","dbo","BTRecords","11","2022","03","06","I","2021-07-06 01:49:39.407472","3044","3044","1","true","WEST TERRACE - GROTE STREET","704","WEST TERRACE; GROTE STREET","WEST TERRACE; GROTE STREET","138.587703","-34.92926",,"BTSites","11","2021","07","06","2","104"
"I","2022-03-06 01:02:35.447000","2022-03-06 11:02:08 +10:30","3044","968699860","2022-03-06 11:02:08 +10:30","1","0","dbo","BTRecords","11","2022","03","06","I","2021-05-28 03:25:56.718045","3044","3044","1","true","WEST TERRACE - GROTE STREET","704","WEST TERRACE; GROTE STREET","WEST TERRACE; GROTE STREET","138.587703","-34.92926",,"BTSites","12","2021","05","28","1","105"
"I","2022-03-06 01:03:34.833000","2022-03-06 11:03:17 +10:30","3033","968699860","2022-03-06 11:02:54 +10:30","1","0","dbo","BTRecords","11","2022","03","06","I","2021-05-28 03:25:56.717978","3033","3033","1","true","GROTE STREET - MORPHETT STREET","684","GROTE STREET; MORPHETT STREET","GROTE STREET; MORPHETT STREET","138.593906","-34.929004",,"BTSites","12","2021","05","28","1","106"
"I","2022-03-06 01:03:34.833000","2022-03-06 11:03:17 +10:30","3033","968699860","2022-03-06 11:02:54 +10:30","1","0","dbo","BTRecords","11","2022","03","06","I","2021-07-06 01:49:39.407259","3033","3033","1","true","GROTE STREET - MORPHETT STREET","684","GROTE STREET; MORPHETT STREET","GROTE STREET; MORPHETT STREET","138.593906","-34.929004",,"BTSites","11","2021","07","06","2","107"
"I","2022-03-06 01:04:34.460000","2022-03-06 11:04:30 +10:30","3016","968699860","2022-03-06 11:04:30 +10:30","1","0","dbo","BTRecords","11","2022","03","06","I","2021-07-06 01:49:39.406333","3016","3016","1","true","GROTE STREET - KING WILLIAM ST WCWY","687","GROTE STREET; KING WILLIAM STREET WEST","GROTE STREET; KING WILLIAM STREET WEST","138.599181","-34.928649",,"BTSites","11","2021","07","06","2","108"
"I","2022-03-06 01:04:34.460000","2022-03-06 11:04:30 +10:30","3016","968699860","2022-03-06 11:04:30 +10:30","1","0","dbo","BTRecords","11","2022","03","06","I","2021-05-28 03:25:56.717882","3016","3016","1","true","GROTE STREET - KING WILLIAM ST WCWY","687","GROTE STREET; KING WILLIAM STREET WEST","GROTE STREET; KING WILLIAM STREET WEST","138.599181","-34.928649",,"BTSites","12","2021","05","28","1","109"
"I","2022-03-06 01:05:05.873000","2022-03-06 11:04:46 +10:30","3006","968699860","2022-03-06 11:04:46 +10:30","1","0","dbo","BTRecords","11","2022","03","06","I","2021-05-28 03:25:56.717854","3006","3006","1","true","WAKEFIELD ST -VICTORIA SQUARE","686","WAKEFIELD STREET; KING WILLIAM STREET EAST","WAKEFIELD STREET; KING WILLIAM STREET EAST","138.600677","-34.928516",,"BTSites","12","2021","05","28","1","110"
"I","2022-03-06 01:05:05.873000","2022-03-06 11:04:46 +10:30","3006","968699860","2022-03-06 11:04:46 +10:30","1","0","dbo","BTRecords","11","2022","03","06","I","2021-07-06 01:49:39.397022","3006","3006","1","true","WAKEFIELD ST -VICTORIA SQUARE","686","WAKEFIELD STREET; KING WILLIAM STREET EAST","WAKEFIELD STREET; KING WILLIAM STREET EAST","138.600677","-34.928516",,"BTSites","11","2021","07","06","2","111"
"I","2022-03-06 01:06:05.137000","2022-03-06 11:05:34 +10:30","3023","968699860","2022-03-06 11:05:34 +10:30","1","0","dbo","BTRecords","11","2022","03","06","I","2021-07-06 01:49:39.406670","3023","3023","1","true","WAKEFIELD STREET - PULTENEY STREET","355","WAKEFIELD STREET; PULTENEY STREET","WAKEFIELD STREET ; PULTENEY STREET","138.605972","-34.928288",,"BTSites","11","2021","07","06","2","112"
"I","2022-03-06 01:06:05.137000","2022-03-06 11:05:34 +10:30","3023","968699860","2022-03-06 11:05:34 +10:30","1","0","dbo","BTRecords","11","2022","03","06","I","2021-05-28 03:25:56.717923","3023","3023","1","true","WAKEFIELD STREET - PULTENEY STREET","355","WAKEFIELD STREET; PULTENEY STREET","WAKEFIELD STREET ; PULTENEY STREET","138.605972","-34.928288",,"BTSites","12","2021","05","28","1","113"
"I","2022-03-06 01:06:34.510000","2022-03-06 11:06:07 +10:30","1254","968546674","2022-03-06 11:06:07 +10:30","1","0","dbo","BTRecords","11","2022","03","06","I","2021-05-28 03:25:56.717191","1254","1254","1","true","PORTRUSH ROAD  S OF FOWLERS ROAD GLEN OSMOND","61","PORTRUSH ROAD; NEAR; FOWLERS ROAD","Port Rush Road; near; Fowlers Road","138.643716","-34.95634",,"BTSites","12","2021","05","28","1","114"
"I","2022-03-06 01:06:34.510000","2022-03-06 11:06:07 +10:30","1254","968546674","2022-03-06 11:06:07 +10:30","1","0","dbo","BTRecords","11","2022","03","06","I","2021-07-06 01:49:39.393352","1254","1254","1","true","PORTRUSH ROAD  S OF FOWLERS ROAD GLEN OSMOND","61","PORTRUSH ROAD; NEAR; FOWLERS ROAD","Port Rush Road; near; Fowlers Road","138.643716","-34.95634",,"BTSites","11","2021","07","06","2","115"
"I","2022-03-06 01:06:34.510000","2022-03-06 11:06:29 +10:30","3023","968699860","2022-03-06 11:06:14 +10:30","1","0","dbo","BTRecords","11","2022","03","06","I","2021-05-28 03:25:56.717923","3023","3023","1","true","WAKEFIELD STREET - PULTENEY STREET","355","WAKEFIELD STREET; PULTENEY STREET","WAKEFIELD STREET ; PULTENEY STREET","138.605972","-34.928288",,"BTSites","12","2021","05","28","1","116"
"I","2022-03-06 01:06:34.510000","2022-03-06 11:06:29 +10:30","3023","968699860","2022-03-06 11:06:14 +10:30","1","0","dbo","BTRecords","11","2022","03","06","I","2021-07-06 01:49:39.406670","3023","3023","1","true","WAKEFIELD STREET - PULTENEY STREET","355","WAKEFIELD STREET; PULTENEY STREET","WAKEFIELD STREET ; PULTENEY STREET","138.605972","-34.928288",,"BTSites","11","2021","07","06","2","117"
"I","2022-03-06 01:07:04.980000","2022-03-06 11:06:40 +10:30","3069","968699860","2022-03-06 11:06:40 +10:30","1","0","dbo","BTRecords","11","2022","03","06","I","2021-05-28 03:25:56.718150","3069","3069","1","true","WAKEFIELD STREET - FROME STREET","685","WAKEFIELD STREET; FROME STREET","WAKEFIELD STREET; FROME STREET","138.608337","-34.928226",,"BTSites","12","2021","05","28","1","118"
"I","2022-03-06 01:07:04.980000","2022-03-06 11:06:40 +10:30","3069","968699860","2022-03-06 11:06:40 +10:30","1","0","dbo","BTRecords","11","2022","03","06","I","2021-07-06 01:49:39.407929","3069","3069","1","true","WAKEFIELD STREET - FROME STREET","685","WAKEFIELD STREET; FROME STREET","WAKEFIELD STREET; FROME STREET","138.608337","-34.928226",,"BTSites","11","2021","07","06","2","119"
"I","2022-03-06 01:07:34.510000","2022-03-06 11:07:15 +10:30","1103","968546674","2022-03-06 11:07:15 +10:30","1","0","dbo","BTRecords","11","2022","03","06","I","2021-05-28 03:25:56.710084","1103","1103","1","true","PORTRUSH ROAD  S OF HAY ROAD LINDEN PARK","108","PORTRUSH ROAD;  NEAR; HAY ROAD","Port Rush Road; near; Hay Road","138.643049","-34.947511",,"BTSites","12","2021","05","28","1","120"
"I","2022-03-06 01:07:34.510000","2022-03-06 11:07:15 +10:30","1103","968546674","2022-03-06 11:07:15 +10:30","1","0","dbo","BTRecords","11","2022","03","06","I","2021-07-06 01:49:39.380519","1103","1103","1","true","PORTRUSH ROAD  S OF HAY ROAD LINDEN PARK","108","PORTRUSH ROAD;  NEAR; HAY ROAD","Port Rush Road; near; Hay Road","138.643049","-34.947511",,"BTSites","11","2021","07","06","2","121"
"I","2022-03-06 01:08:16.263000","2022-03-06 11:07:46 +10:30","3041","968699860","2022-03-06 11:07:46 +10:30","1","0","dbo","BTRecords","11","2022","03","06","I","2021-07-06 01:49:39.407429","3041","3041","1","true","WAKEFIELD STREET - HUTT STREET","121","WAKEFIELD STREET; HUTT STREET","Wakefield Street; Hutt Street","138.612071","-34.928038",,"BTSites","11","2021","07","06","2","122"
"I","2022-03-06 01:08:16.263000","2022-03-06 11:07:46 +10:30","3041","968699860","2022-03-06 11:07:46 +10:30","1","0","dbo","BTRecords","11","2022","03","06","I","2021-05-28 03:25:56.718025","3041","3041","1","true","WAKEFIELD STREET - HUTT STREET","121","WAKEFIELD STREET; HUTT STREET","Wakefield Street; Hutt Street","138.612071","-34.928038",,"BTSites","12","2021","05","28","1","123"
"I","2022-03-06 01:08:16.263000","2022-03-06 11:08:08 +10:30","229","968546674","2022-03-06 11:08:08 +10:30","1","0","dbo","BTRecords","11","2022","03","06","I","2021-07-06 01:49:39.338212","229","229","1","true","PORTRUSH ROAD - CATOR STREET RN","543","PORTRUSH ROAD; CAYTOR STREET","PORTRUSH ROAD; CATOR STREET","138.642691","-34.942402",,"BTSites","11","2021","07","06","2","124"
"I","2022-03-06 01:08:16.263000","2022-03-06 11:08:08 +10:30","229","968546674","2022-03-06 11:08:08 +10:30","1","0","dbo","BTRecords","11","2022","03","06","I","2021-05-28 03:25:56.696421","229","229","1","true","PORTRUSH ROAD - CATOR STREET RN","543","PORTRUSH ROAD; CAYTOR STREET","PORTRUSH ROAD; CATOR STREET","138.642691","-34.942402",,"BTSites","12","2021","05","28","1","125"
"I","2022-03-06 01:09:04.920000","2022-03-06 11:08:36 +10:30","88","968546674","2022-03-06 11:08:36 +10:30","1","0","dbo","BTRecords","11","2022","03","06","I","2021-07-06 01:49:39.336463","88","88","1","true","PORTRUSH ROAD - GREENHILL ROAD","248","PORTRUSH ROAD; GREENHILL ROAD","PORTRUSH ROAD ; GREENHILL ROAD","138.642422","-34.939178",,"BTSites","11","2021","07","06","2","126"
"I","2022-03-06 01:09:04.920000","2022-03-06 11:08:36 +10:30","88","968546674","2022-03-06 11:08:36 +10:30","1","0","dbo","BTRecords","11","2022","03","06","I","2021-05-28 03:25:56.677659","88","88","1","true","PORTRUSH ROAD - GREENHILL ROAD","248","PORTRUSH ROAD; GREENHILL ROAD","PORTRUSH ROAD ; GREENHILL ROAD","138.642422","-34.939178",,"BTSites","12","2021","05","28","1","127"
"I","2022-03-06 01:10:18.163000","2022-03-06 11:09:56 +10:30","1094","968546674","2022-03-06 11:09:55 +10:30","1","0","dbo","BTRecords","11","2022","03","06","I","2021-05-28 03:25:56.710018","1094","1094","1","true","PORTRUSH ROAD  STAFFORD GROVE HEATHPOOL","547","PORTRUSH ROAD;  NEAR GRANT AVENEW","PORTRUSH ROAD; NEAR GRANT AVENUE","138.641748","-34.930619",,"BTSites","12","2021","05","28","1","128"
"I","2022-03-06 01:10:18.163000","2022-03-06 11:09:56 +10:30","1094","968546674","2022-03-06 11:09:55 +10:30","1","0","dbo","BTRecords","11","2022","03","06","I","2021-07-06 01:49:39.380482","1094","1094","1","true","PORTRUSH ROAD  STAFFORD GROVE HEATHPOOL","547","PORTRUSH ROAD;  NEAR GRANT AVENEW","PORTRUSH ROAD; NEAR GRANT AVENUE","138.641748","-34.930619",,"BTSites","11","2021","07","06","2","129"
"I","2022-03-06 01:10:18.163000","2022-03-06 11:09:59 +10:30","4503","968699860","2022-03-06 11:09:59 +10:30","1","0","dbo","BTRecords","11","2022","03","06","I","2021-05-28 03:25:56.718694","4503","4503","1","true","BRITANNIA ROUNDABOUT","62","BRITANNIA ROUNDABOUT","Britannia Roundabout","138.623392","-34.927917",,"BTSites","12","2021","05","28","1","130"
"I","2022-03-06 01:10:18.163000","2022-03-06 11:09:59 +10:30","4503","968699860","2022-03-06 11:09:59 +10:30","1","0","dbo","BTRecords","11","2022","03","06","I","2021-07-06 01:49:39.409811","4503","4503","1","true","BRITANNIA ROUNDABOUT","62","BRITANNIA ROUNDABOUT","Britannia Roundabout","138.623392","-34.927917",,"BTSites","11","2021","07","06","2","131"
"I","2022-03-06 01:10:41.300000","2022-03-06 11:10:04 +10:30","1092","968546674","2022-03-06 11:10:04 +10:30","1","0","dbo","BTRecords","11","2022","03","06","I","2021-05-28 03:25:56.710005","1092","1092","1","true","PORTRUSH ROAD  N OF TALBOT GROVE MARRYATVILLE","760","PORTRUSH ROAD  NEAR TALBOT GROVE","PORTRUSH ROAD  NEAR TALBOT GROVE","138.641597","-34.928615",,"BTSites","12","2021","05","28","1","132"
"I","2022-03-06 01:10:41.300000","2022-03-06 11:10:04 +10:30","1092","968546674","2022-03-06 11:10:04 +10:30","1","0","dbo","BTRecords","11","2022","03","06","I","2021-07-06 01:49:39.380475","1092","1092","1","true","PORTRUSH ROAD  N OF TALBOT GROVE MARRYATVILLE","760","PORTRUSH ROAD  NEAR TALBOT GROVE","PORTRUSH ROAD  NEAR TALBOT GROVE","138.641597","-34.928615",,"BTSites","11","2021","07","06","2","133"
"I","2022-03-06 01:10:41.300000","2022-03-06 11:10:24 +10:30","87","968546674","2022-03-06 11:10:24 +10:30","1","0","dbo","BTRecords","11","2022","03","06","I","2021-05-28 03:25:56.677642","87","87","1","true","PORTRUSH ROAD - KENSINGTON ROAD","117","PORTRUSH ROAD; KENSINGTON ROAD","Port Rush Road; Kensington Road","138.641469","-34.92698",,"BTSites","12","2021","05","28","1","134"
"I","2022-03-06 01:10:41.300000","2022-03-06 11:10:24 +10:30","87","968546674","2022-03-06 11:10:24 +10:30","1","0","dbo","BTRecords","11","2022","03","06","I","2021-07-06 01:49:39.336451","87","87","1","true","PORTRUSH ROAD - KENSINGTON ROAD","117","PORTRUSH ROAD; KENSINGTON ROAD","Port Rush Road; Kensington Road","138.641469","-34.92698",,"BTSites","11","2021","07","06","2","135"
"I","2022-03-06 01:10:41.300000","2022-03-06 11:10:27 +10:30","1168","968699860","2022-03-06 11:10:27 +10:30","1","0","dbo","BTRecords","11","2022","03","06","I","2021-05-28 03:25:56.716804","1168","1168","1","true","KENSINGTON ROAD  W OF VICTORIA TERRACE ROSE PARK","548","KENSINGTON ROAD;  NEAR VICTORIA TERRACE","KENSINGTON ROAD;  NEAR VICTORIA TERRACE","138.627788","-34.927697",,"BTSites","12","2021","05","28","1","136"
"I","2022-03-06 01:10:41.300000","2022-03-06 11:10:27 +10:30","1168","968699860","2022-03-06 11:10:27 +10:30","1","0","dbo","BTRecords","11","2022","03","06","I","2021-07-06 01:49:39.380862","1168","1168","1","true","KENSINGTON ROAD  W OF VICTORIA TERRACE ROSE PARK","548","KENSINGTON ROAD;  NEAR VICTORIA TERRACE","KENSINGTON ROAD;  NEAR VICTORIA TERRACE","138.627788","-34.927697",,"BTSites","11","2021","07","06","2","137"
"I","2022-03-06 01:11:20.923000","2022-03-06 11:10:45 +10:30","1051","968546674","2022-03-06 11:10:45 +10:30","1","0","dbo","BTRecords","11","2022","03","06","I","2021-07-06 01:49:39.380098","1051","1051","1","true","PORTRUSH ROAD  N OF WILLIAM STREET NORWOOD","765","PORTRUSH ROAD  NEAR WILLIAM STREET","PORTRUSH ROAD  NEAR WILLIAM STREET","138.641175","-34.923504",,"BTSites","11","2021","07","06","2","138"
"I","2022-03-06 01:11:20.923000","2022-03-06 11:10:45 +10:30","1051","968546674","2022-03-06 11:10:45 +10:30","1","0","dbo","BTRecords","11","2022","03","06","I","2021-05-28 03:25:56.708542","1051","1051","1","true","PORTRUSH ROAD  N OF WILLIAM STREET NORWOOD","765","PORTRUSH ROAD  NEAR WILLIAM STREET","PORTRUSH ROAD  NEAR WILLIAM STREET","138.641175","-34.923504",,"BTSites","12","2021","05","28","1","139"
"I","2022-03-06 01:11:20.923000","2022-03-06 11:11:12 +10:30","82","968546674","2022-03-06 11:11:12 +10:30","1","0","dbo","BTRecords","11","2022","03","06","I","2021-05-28 03:25:56.677562","82","82","1","true","PORTRUSH ROAD -EAST PARADE -THE PARADE","241","PORTRUSH ROAD; THE PARADE","PORTRUSH ROAD ;THE PARADE","138.640995","-34.920976",,"BTSites","12","2021","05","28","1","140"
"I","2022-03-06 01:11:20.923000","2022-03-06 11:11:12 +10:30","82","968546674","2022-03-06 11:11:12 +10:30","1","0","dbo","BTRecords","11","2022","03","06","I","2021-07-06 01:49:39.336388","82","82","1","true","PORTRUSH ROAD -EAST PARADE -THE PARADE","241","PORTRUSH ROAD; THE PARADE","PORTRUSH ROAD ;THE PARADE","138.640995","-34.920976",,"BTSites","11","2021","07","06","2","141"
"I","2022-03-06 01:11:20.923000","2022-03-06 11:11:14 +10:30","255","968699860","2022-03-06 11:10:41 +10:30","1","0","dbo","BTRecords","11","2022","03","06","I","2021-07-06 01:49:39.345383","255","255","1","true","OSMOND TERRACE -KENSINGTON ROAD -PRESCOTT TERRACE","76","OSMOND TERRACE; KENSINGTON ROAD; PRESCOTT TERRACE","Osmond Terrace; Kensington Road; Prescott Terrace","138.632547","-34.92742",,"BTSites","11","2021","07","06","2","142"
"I","2022-03-06 01:11:20.923000","2022-03-06 11:11:14 +10:30","255","968699860","2022-03-06 11:10:41 +10:30","1","0","dbo","BTRecords","11","2022","03","06","I","2021-05-28 03:25:56.696744","255","255","1","true","OSMOND TERRACE -KENSINGTON ROAD -PRESCOTT TERRACE","76","OSMOND TERRACE; KENSINGTON ROAD; PRESCOTT TERRACE","Osmond Terrace; Kensington Road; Prescott Terrace","138.632547","-34.92742",,"BTSites","12","2021","05","28","1","143"
"I","2022-03-06 01:12:05.620000","2022-03-06 11:11:59 +10:30","302","968546674","2022-03-06 11:11:59 +10:30","1","0","dbo","BTRecords","11","2022","03","06","I","2021-07-06 01:49:39.355172","302","302","1","true","THE PARADE - GEORGE STREET RN","651","THE PARADE; GEORGE STREET","THE PARADE; GEORGE STREET","138.636602","-34.921134",,"BTSites","11","2021","07","06","2","144"
"I","2022-03-06 01:12:05.620000","2022-03-06 11:11:59 +10:30","302","968546674","2022-03-06 11:11:59 +10:30","1","0","dbo","BTRecords","11","2022","03","06","I","2021-05-28 03:25:56.698641","302","302","1","true","THE PARADE - GEORGE STREET RN","651","THE PARADE; GEORGE STREET","THE PARADE; GEORGE STREET","138.636602","-34.921134",,"BTSites","12","2021","05","28","1","145"
"I","2022-03-06 01:13:31.813000","2022-03-06 11:13:18 +10:30","87","968699860","2022-03-06 11:12:22 +10:30","1","0","dbo","BTRecords","11","2022","03","06","I","2021-05-28 03:25:56.677642","87","87","1","true","PORTRUSH ROAD - KENSINGTON ROAD","117","PORTRUSH ROAD; KENSINGTON ROAD","Port Rush Road; Kensington Road","138.641469","-34.92698",,"BTSites","12","2021","05","28","1","146"
"I","2022-03-06 01:13:31.813000","2022-03-06 11:13:18 +10:30","87","968699860","2022-03-06 11:12:22 +10:30","1","0","dbo","BTRecords","11","2022","03","06","I","2021-07-06 01:49:39.336451","87","87","1","true","PORTRUSH ROAD - KENSINGTON ROAD","117","PORTRUSH ROAD; KENSINGTON ROAD","Port Rush Road; Kensington Road","138.641469","-34.92698",,"BTSites","11","2021","07","06","2","147"
"I","2022-03-06 01:14:14.537000","2022-03-06 11:13:36 +10:30","1065","968699860","2022-03-06 11:13:36 +10:30","1","0","dbo","BTRecords","11","2022","03","06","I","2021-07-06 01:49:39.380314","1065","1065","1","true","KENSINGTON ROAD  E OF MAESBURY STREET KENSINGTON","814","KENSINGTON ROAD  NEAR MAESBURY STREET","KENSINGTON ROAD  NEAR MAESBURY STREET","138.645219","-34.926738",,"BTSites","11","2021","07","06","2","148"
"I","2022-03-06 01:14:14.537000","2022-03-06 11:13:36 +10:30","1065","968699860","2022-03-06 11:13:36 +10:30","1","0","dbo","BTRecords","11","2022","03","06","I","2021-05-28 03:25:56.709559","1065","1065","1","true","KENSINGTON ROAD  E OF MAESBURY STREET KENSINGTON","814","KENSINGTON ROAD  NEAR MAESBURY STREET","KENSINGTON ROAD  NEAR MAESBURY STREET","138.645219","-34.926738",,"BTSites","12","2021","05","28","1","149"
"I","2022-03-06 01:14:14.537000","2022-03-06 11:14:02 +10:30","1232","968699860","2022-03-06 11:14:02 +10:30","1","0","dbo","BTRecords","11","2022","03","06","I","2021-07-06 01:49:39.392152","1232","1232","1","true","KENSINGTON ROAD  E OF SHIPSTERS ROAD KENSINGTON","549","KENSINGTON ROAD;  NEAR SHIPSTERS ROAD","KENSINGTON ROAD;  NEAR SHIPSTERS ROAD","138.65058","-34.926463",,"BTSites","11","2021","07","06","2","150"
"I","2022-03-06 01:14:14.537000","2022-03-06 11:14:02 +10:30","1232","968699860","2022-03-06 11:14:02 +10:30","1","0","dbo","BTRecords","11","2022","03","06","I","2021-05-28 03:25:56.717065","1232","1232","1","true","KENSINGTON ROAD  E OF SHIPSTERS ROAD KENSINGTON","549","KENSINGTON ROAD;  NEAR SHIPSTERS ROAD","KENSINGTON ROAD;  NEAR SHIPSTERS ROAD","138.65058","-34.926463",,"BTSites","12","2021","05","28","1","151"
"I","2022-03-06 01:15:17.320000","2022-03-06 11:14:53 +10:30","86","968699860","2022-03-06 11:14:53 +10:30","1","0","dbo","BTRecords","11","2022","03","06","I","2021-07-06 01:49:39.336435","86","86","1","true","GLYNBURN ROAD - KENSINGTON ROAD","71","GLINBURN ROAD; KENSINGTON ROAD","Glynburn Road; Kensington Road","138.659218","-34.926008",,"BTSites","11","2021","07","06","2","152"
"I","2022-03-06 01:15:17.320000","2022-03-06 11:14:53 +10:30","86","968699860","2022-03-06 11:14:53 +10:30","1","0","dbo","BTRecords","11","2022","03","06","I","2021-05-28 03:25:56.677627","86","86","1","true","GLYNBURN ROAD - KENSINGTON ROAD","71","GLINBURN ROAD; KENSINGTON ROAD","Glynburn Road; Kensington Road","138.659218","-34.926008",,"BTSites","12","2021","05","28","1","153"
"I","2022-03-06 01:15:17.320000","2022-03-06 11:15:12 +10:30","1223","968699860","2022-03-06 11:15:12 +10:30","1","0","dbo","BTRecords","11","2022","03","06","I","2021-07-06 01:49:39.391082","1223","1223","1","true","KENSINGTON ROAD  E OF HAMILTON STREET ERINDALE","551","KENSINGTON ROAD; NEAR HAMILTON STREET","KENSINGTON ROAD; NEAR HAMILTON STREET","138.662714","-34.92585",,"BTSites","11","2021","07","06","2","154"
"I","2022-03-06 01:15:17.320000","2022-03-06 11:15:12 +10:30","1223","968699860","2022-03-06 11:15:12 +10:30","1","0","dbo","BTRecords","11","2022","03","06","I","2021-05-28 03:25:56.717043","1223","1223","1","true","KENSINGTON ROAD  E OF HAMILTON STREET ERINDALE","551","KENSINGTON ROAD; NEAR HAMILTON STREET","KENSINGTON ROAD; NEAR HAMILTON STREET","138.662714","-34.92585",,"BTSites","12","2021","05","28","1","155"
"I","2022-03-06 06:32:33.640000","2022-03-06 16:32:22 +10:30","20896","970100249","2022-03-06 16:32:22 +10:30","4","0","dbo","BTRecords","17","2022","03","06","I","2021-05-28 03:25:56.720808","20896","8902","1","true","North - South Motorway Northbound Carriageway near Salisbury Highway Exit Off Ramp","1135","North ; South ; Motorway ; Northbound Carriageway ; near Salisbury Highway ; Exit Off Ramp","North ; South ; Motorway ; Northbound Carriageway ; near Salisbury Highway ; Exit Off Ramp","138.562271","-34.830791",,"BTSites","12","2021","05","28","1","156"
"I","2022-03-06 06:32:33.640000","2022-03-06 16:32:22 +10:30","20896","970100249","2022-03-06 16:32:22 +10:30","4","0","dbo","BTRecords","17","2022","03","06","I","2021-07-06 01:49:39.429388","20896","8902","1","true","North - South Motorway Northbound Carriageway near Salisbury Highway Exit Off Ramp","1135","North ; South ; Motorway ; Northbound Carriageway ; near Salisbury Highway ; Exit Off Ramp","North ; South ; Motorway ; Northbound Carriageway ; near Salisbury Highway ; Exit Off Ramp","138.562271","-34.830791",,"BTSites","11","2021","07","06","2","157"
"I","2022-03-06 06:33:16.960000","2022-03-06 16:32:33 +10:30","20900","970100249","2022-03-06 16:32:33 +10:30","4","0","dbo","BTRecords","17","2022","03","06","I","2021-07-06 01:49:39.429454","20900","8903","1","true","North - South Motorway - 500m North of Port River Expressway Off Ramp","1139","North ; South Motorway ; 500m North of ; Port River Expressway ; Off Ramp","North ; South Motorway ; 500m North of ; Port River Expressway ; Off Ramp","138.563004","-34.828152",,"BTSites","11","2021","07","06","2","158"
"I","2022-03-06 06:33:16.960000","2022-03-06 16:32:33 +10:30","20900","970100249","2022-03-06 16:32:33 +10:30","4","0","dbo","BTRecords","17","2022","03","06","I","2021-05-28 03:25:56.720863","20900","8903","1","true","North - South Motorway - 500m North of Port River Expressway Off Ramp","1139","North ; South Motorway ; 500m North of ; Port River Expressway ; Off Ramp","North ; South Motorway ; 500m North of ; Port River Expressway ; Off Ramp","138.563004","-34.828152",,"BTSites","12","2021","05","28","1","159"
"I","2022-03-06 06:33:16.960000","2022-03-06 16:32:57 +10:30","20825","970100249","2022-03-06 16:32:57 +10:30","4","0","dbo","BTRecords","17","2022","03","06","I","2021-05-28 03:25:56.720194","20825","8907","1","true","North - South Motorway 1km North of Port River Expressway","1065","North ; South ; Motorway ; 1km North of ; Port River ; Expressway","North ; South ; Motorway ; 1km North of ; Port River ; Expressway","138.562042","-34.822838",,"BTSites","12","2021","05","28","1","160"
"I","2022-03-06 06:33:16.960000","2022-03-06 16:32:57 +10:30","20825","970100249","2022-03-06 16:32:57 +10:30","4","0","dbo","BTRecords","17","2022","03","06","I","2021-07-06 01:49:39.428549","20825","8907","1","true","North - South Motorway 1km North of Port River Expressway","1065","North ; South ; Motorway ; 1km North of ; Port River ; Expressway","North ; South ; Motorway ; 1km North of ; Port River ; Expressway","138.562042","-34.822838",,"BTSites","11","2021","07","06","2","161"
"I","2022-03-06 06:33:35.013000","2022-03-06 16:33:13 +10:30","20893","970100249","2022-03-06 16:33:13 +10:30","4","0","dbo","BTRecords","17","2022","03","06","I","2021-07-06 01:49:39.429345","20893","8908","1","true","North - South Motorway  - 1.5km North of Port River Expressway","1132","North ; South Motorway  ; 1.5km North of ; Port River ; Expressway","North ; South Motorway  ; 1.5km North of ; Port River ; Expressway","138.562073","-34.819164",,"BTSites","11","2021","07","06","2","162"
"I","2022-03-06 06:33:35.013000","2022-03-06 16:33:13 +10:30","20893","970100249","2022-03-06 16:33:13 +10:30","4","0","dbo","BTRecords","17","2022","03","06","I","2021-05-28 03:25:56.720773","20893","8908","1","true","North - South Motorway  - 1.5km North of Port River Expressway","1132","North ; South Motorway  ; 1.5km North of ; Port River ; Expressway","North ; South Motorway  ; 1.5km North of ; Port River ; Expressway","138.562073","-34.819164",,"BTSites","12","2021","05","28","1","163"
"I","2022-03-06 06:33:35.013000","2022-03-06 16:33:29 +10:30","20820","970100249","2022-03-06 16:33:29 +10:30","4","0","dbo","BTRecords","17","2022","03","06","I","2021-07-06 01:49:39.428483","20820","8909","1","true","North - South Motorway - 2km North of Port River Expressway","1060","North ; South Motorway ; 2km North of ; Port River ; Expressway","North ; South Motorway ; 2km North of ; Port River ; Expressway","138.562592","-34.814674",,"BTSites","11","2021","07","06","2","164"
"I","2022-03-06 06:33:35.013000","2022-03-06 16:33:29 +10:30","20820","970100249","2022-03-06 16:33:29 +10:30","4","0","dbo","BTRecords","17","2022","03","06","I","2021-05-28 03:25:56.720136","20820","8909","1","true","North - South Motorway - 2km North of Port River Expressway","1060","North ; South Motorway ; 2km North of ; Port River ; Expressway","North ; South Motorway ; 2km North of ; Port River ; Expressway","138.562592","-34.814674",,"BTSites","12","2021","05","28","1","165"
"I","2022-03-06 06:34:05.553000","2022-03-06 16:33:43 +10:30","20906","970100249","2022-03-06 16:33:43 +10:30","4","0","dbo","BTRecords","17","2022","03","06","I","2021-07-06 01:49:39.429540","20906","8910","1","true","North - South Motorway - 2.5km North of Port River Expressway","1145","North ; South Motorway ; 2.5km North of ; Port River ; Expressway","North ; South Motorway ; 2.5km North of ; Port River ; Expressway","138.56488","-34.811314",,"BTSites","11","2021","07","06","2","166"
"I","2022-03-06 06:34:05.553000","2022-03-06 16:33:43 +10:30","20906","970100249","2022-03-06 16:33:43 +10:30","4","0","dbo","BTRecords","17","2022","03","06","I","2021-05-28 03:25:56.724820","20906","8910","1","true","North - South Motorway - 2.5km North of Port River Expressway","1145","North ; South Motorway ; 2.5km North of ; Port River ; Expressway","North ; South Motorway ; 2.5km North of ; Port River ; Expressway","138.56488","-34.811314",,"BTSites","12","2021","05","28","1","167"
"I","2022-03-06 06:34:05.553000","2022-03-06 16:33:59 +10:30","20897","970100249","2022-03-06 16:33:59 +10:30","4","0","dbo","BTRecords","17","2022","03","06","I","2021-07-06 01:49:39.429408","20897","8911","1","true","North - South Motorway - Midway between Port River Expressway & Globe Derby Drive","1136","North ; South Motorway ; Midway between ; Port River Expressway ; and Globe Derby Drive","North ; South Motorway ; Midway between ; Port River Expressway ; and Globe Derby Drive","138.568283","-34.808475",,"BTSites","11","2021","07","06","2","168"
"I","2022-03-06 06:34:05.553000","2022-03-06 16:33:59 +10:30","20897","970100249","2022-03-06 16:33:59 +10:30","4","0","dbo","BTRecords","17","2022","03","06","I","2021-05-28 03:25:56.720823","20897","8911","1","true","North - South Motorway - Midway between Port River Expressway & Globe Derby Drive","1136","North ; South Motorway ; Midway between ; Port River Expressway ; and Globe Derby Drive","North ; South Motorway ; Midway between ; Port River Expressway ; and Globe Derby Drive","138.568283","-34.808475",,"BTSites","12","2021","05","28","1","169"
"I","2022-03-06 06:34:32.143000","2022-03-06 16:34:18 +10:30","20908","970100249","2022-03-06 16:34:18 +10:30","4","0","dbo","BTRecords","17","2022","03","06","I","2021-05-28 03:25:56.724924","20908","8912","1","true","Northern Expressway - 1.8km South of Globe Derby Drive","1147","Asset Number 8912","Asset Number 8912","138.572723","-34.806206",,"BTSites","12","2021","05","28","1","170"
"I","2022-03-06 06:34:32.143000","2022-03-06 16:34:18 +10:30","20908","970100249","2022-03-06 16:34:18 +10:30","4","0","dbo","BTRecords","17","2022","03","06","I","2021-07-06 01:49:39.429568","20908","8912","1","true","Northern Expressway - 1.8km South of Globe Derby Drive","1147","Asset Number 8912","Asset Number 8912","138.572723","-34.806206",,"BTSites","11","2021","07","06","2","171"
"I","2022-03-06 06:34:32.143000","2022-03-06 16:34:29 +10:30","20912","970100249","2022-03-06 16:34:29 +10:30","4","0","dbo","BTRecords","17","2022","03","06","I","2021-05-28 03:25:56.725405","20912","8913","1","true","North - South Motorway / 1.5km South of Globe Derby Drive","1151","North ; South Motorway ; 1.5km South of Globe Derby Drive","North ; South Motorway ; 1.5km South of Globe Derby Drive","138.575363","-34.803276",,"BTSites","12","2021","05","28","1","172"
"I","2022-03-06 06:34:32.143000","2022-03-06 16:34:29 +10:30","20912","970100249","2022-03-06 16:34:29 +10:30","4","0","dbo","BTRecords","17","2022","03","06","I","2021-07-06 01:49:39.429627","20912","8913","1","true","North - South Motorway / 1.5km South of Globe Derby Drive","1151","North ; South Motorway ; 1.5km South of Globe Derby Drive","North ; South Motorway ; 1.5km South of Globe Derby Drive","138.575363","-34.803276",,"BTSites","11","2021","07","06","2","173"
"I","2022-03-06 06:35:03.553000","2022-03-06 16:34:44 +10:30","20892","970100249","2022-03-06 16:34:44 +10:30","4","0","dbo","BTRecords","17","2022","03","06","I","2021-05-28 03:25:56.720762","20892","8914","1","true","Northern Expressway - 1km South of Globe Derby Drive","1131","Asset Number 8914","Asset Number 8914","138.576996","-34.799881",,"BTSites","12","2021","05","28","1","174"
"I","2022-03-06 06:35:03.553000","2022-03-06 16:34:44 +10:30","20892","970100249","2022-03-06 16:34:44 +10:30","4","0","dbo","BTRecords","17","2022","03","06","I","2021-07-06 01:49:39.429333","20892","8914","1","true","Northern Expressway - 1km South of Globe Derby Drive","1131","Asset Number 8914","Asset Number 8914","138.576996","-34.799881",,"BTSites","11","2021","07","06","2","175"
"I","2022-03-06 06:36:17.013000","2022-03-06 16:36:09 +10:30","20886","970100249","2022-03-06 16:36:09 +10:30","4","0","dbo","BTRecords","17","2022","03","06","I","2021-07-06 01:49:39.429259","20886","8919","1","true","North - South Motorway North of Ryans Road","1125","North ; South Motorway ; North of ; Ryans Road","North ; South Motorway ; North of ; Ryans Road","138.586227","-34.7789",,"BTSites","11","2021","07","06","2","176"
"I","2022-03-06 06:36:17.013000","2022-03-06 16:36:09 +10:30","20886","970100249","2022-03-06 16:36:09 +10:30","4","0","dbo","BTRecords","17","2022","03","06","I","2021-05-28 03:25:56.720692","20886","8919","1","true","North - South Motorway North of Ryans Road","1125","North ; South Motorway ; North of ; Ryans Road","North ; South Motorway ; North of ; Ryans Road","138.586227","-34.7789",,"BTSites","12","2021","05","28","1","177"
"I","2022-03-06 06:36:35.017000","2022-03-06 16:36:28 +10:30","20884","970100249","2022-03-06 16:36:23 +10:30","4","0","dbo","BTRecords","17","2022","03","06","I","2021-05-28 03:25:56.720652","20884","8920","1","true","North - South Motorway South of Bolivar Water Treatment Plant","1123","North ; South Motorway ; South of Bolivar Water ; Treatment Plant","North ; South Motorway ; South of Bolivar Water ; Treatment Plant","138.588135","-34.775539",,"BTSites","12","2021","05","28","1","178"
"I","2022-03-06 06:36:35.017000","2022-03-06 16:36:28 +10:30","20884","970100249","2022-03-06 16:36:23 +10:30","4","0","dbo","BTRecords","17","2022","03","06","I","2021-07-06 01:49:39.429231","20884","8920","1","true","North - South Motorway South of Bolivar Water Treatment Plant","1123","North ; South Motorway ; South of Bolivar Water ; Treatment Plant","North ; South Motorway ; South of Bolivar Water ; Treatment Plant","138.588135","-34.775539",,"BTSites","11","2021","07","06","2","179"
"I","2022-03-06 06:37:02.167000","2022-03-06 16:36:45 +10:30","20887","970100249","2022-03-06 16:36:45 +10:30","4","0","dbo","BTRecords","17","2022","03","06","I","2021-05-28 03:25:56.720705","20887","8928","1","true","North - South Motorway South of Hodgson Road","1126","North ; South Motorway ; South of Hodgson Road","North ; South Motorway ; South of Hodgson Road","138.591034","-34.770321",,"BTSites","12","2021","05","28","1","180"
"I","2022-03-06 06:37:02.167000","2022-03-06 16:36:45 +10:30","20887","970100249","2022-03-06 16:36:45 +10:30","4","0","dbo","BTRecords","17","2022","03","06","I","2021-07-06 01:49:39.429273","20887","8928","1","true","North - South Motorway South of Hodgson Road","1126","North ; South Motorway ; South of Hodgson Road","North ; South Motorway ; South of Hodgson Road","138.591034","-34.770321",,"BTSites","11","2021","07","06","2","181"
"I","2022-03-06 06:37:02.167000","2022-03-06 16:36:52 +10:30","20882","970100249","2022-03-06 16:36:52 +10:30","4","0","dbo","BTRecords","17","2022","03","06","I","2021-05-28 03:25:56.720620","20882","8929","1","true","North - South Motorway just South of Bolivar Interchange","1121","North ; South Motorway ; just South of Bolivar ; Interchange","North ; South Motorway ; just South of Bolivar ; Interchange","138.590958","-34.767349",,"BTSites","12","2021","05","28","1","182"
"I","2022-03-06 06:37:02.167000","2022-03-06 16:36:52 +10:30","20882","970100249","2022-03-06 16:36:52 +10:30","4","0","dbo","BTRecords","17","2022","03","06","I","2021-07-06 01:49:39.429200","20882","8929","1","true","North - South Motorway just South of Bolivar Interchange","1121","North ; South Motorway ; just South of Bolivar ; Interchange","North ; South Motorway ; just South of Bolivar ; Interchange","138.590958","-34.767349",,"BTSites","11","2021","07","06","2","183"
"I","2022-03-06 06:37:33.630000","2022-03-06 16:37:10 +10:30","20909","970100249","2022-03-06 16:37:10 +10:30","4","0","dbo","BTRecords","17","2022","03","06","I","2021-05-28 03:25:56.724935","20909","8930","1","true","North - South Motorway just North of Bolivar Interchange","1148","North ; South Motorway ; just North of Bolivar ; Interchange","North ; South Motorway ; just North of Bolivar ; Interchange","138.589233","-34.763641",,"BTSites","12","2021","05","28","1","184"
"I","2022-03-06 06:37:33.630000","2022-03-06 16:37:10 +10:30","20909","970100249","2022-03-06 16:37:10 +10:30","4","0","dbo","BTRecords","17","2022","03","06","I","2021-07-06 01:49:39.429580","20909","8930","1","true","North - South Motorway just North of Bolivar Interchange","1148","North ; South Motorway ; just North of Bolivar ; Interchange","North ; South Motorway ; just North of Bolivar ; Interchange","138.589233","-34.763641",,"BTSites","11","2021","07","06","2","185"
"I","2022-03-06 06:37:33.630000","2022-03-06 16:37:27 +10:30","20883","970100249","2022-03-06 16:37:27 +10:30","4","0","dbo","BTRecords","17","2022","03","06","I","2021-05-28 03:25:56.720636","20883","8931","1","true","North - South Motorway between Jobson Road & Bolivar Interchange","1122","North ; South Motorway ; between Jobson Road ; Bolivar Interchange","North ; South Motorway ; between Jobson Road ; Bolivar Interchange","138.588455","-34.759701",,"BTSites","12","2021","05","28","1","186"
"I","2022-03-06 06:37:33.630000","2022-03-06 16:37:27 +10:30","20883","970100249","2022-03-06 16:37:27 +10:30","4","0","dbo","BTRecords","17","2022","03","06","I","2021-07-06 01:49:39.429215","20883","8931","1","true","North - South Motorway between Jobson Road & Bolivar Interchange","1122","North ; South Motorway ; between Jobson Road ; Bolivar Interchange","North ; South Motorway ; between Jobson Road ; Bolivar Interchange","138.588455","-34.759701",,"BTSites","11","2021","07","06","2","187"
"I","2022-03-06 06:38:03.353000","2022-03-06 16:37:47 +10:30","20880","970100249","2022-03-06 16:37:47 +10:30","4","0","dbo","BTRecords","17","2022","03","06","I","2021-05-28 03:25:56.720597","20880","8932","1","true","North - South Motorway near Jobson Road","1119","North ; South Motorway ; near Jobson Road","North ; South Motorway ; near Jobson Road","138.585815","-34.7547",,"BTSites","12","2021","05","28","1","188"
"I","2022-03-06 06:38:03.353000","2022-03-06 16:37:47 +10:30","20880","970100249","2022-03-06 16:37:47 +10:30","4","0","dbo","BTRecords","17","2022","03","06","I","2021-07-06 01:49:39.429171","20880","8932","1","true","North - South Motorway near Jobson Road","1119","North ; South Motorway ; near Jobson Road","North ; South Motorway ; near Jobson Road","138.585815","-34.7547",,"BTSites","11","2021","07","06","2","189"
"I","2022-03-06 06:38:03.353000","2022-03-06 16:37:57 +10:30","501","970100249","2022-03-06 16:37:57 +10:30","4","0","dbo","BTRecords","17","2022","03","06","I","2021-05-28 03:25:56.706092","501","501","1","true","PORT WAKEFIELD ROAD -BOLIVAR ROAD","10","PORT WAKEFIELD ROAD; BOLIVAR ROAD","Port Wakefield Road; Bolivar Road","138.592993","-34.763238",,"BTSites","12","2021","05","28","1","190"
"I","2022-03-06 06:38:03.353000","2022-03-06 16:37:57 +10:30","501","970100249","2022-03-06 16:37:57 +10:30","4","0","dbo","BTRecords","17","2022","03","06","I","2021-07-06 01:49:39.376952","501","501","1","true","PORT WAKEFIELD ROAD -BOLIVAR ROAD","10","PORT WAKEFIELD ROAD; BOLIVAR ROAD","Port Wakefield Road; Bolivar Road","138.592993","-34.763238",,"BTSites","11","2021","07","06","2","191"
"I","2022-03-06 06:39:35.747000","2022-03-06 16:39:18 +10:30","53","970100249","2022-03-06 16:39:18 +10:30","4","0","dbo","BTRecords","17","2022","03","06","I","2021-05-28 03:25:56.677100","53","53","1","true","PORT WAKEFIELD ROAD - WATERLOO CORNER ROAD","252","PORT WAKEFIELD ROAD; WATERLOO CORNER ROAD","PORT WAKEFIELD ROAD ; WATERLOO CORNER ROAD","138.582876","-34.732567",,"BTSites","12","2021","05","28","1","192"
"I","2022-03-06 06:39:35.747000","2022-03-06 16:39:18 +10:30","53","970100249","2022-03-06 16:39:18 +10:30","4","0","dbo","BTRecords","17","2022","03","06","I","2021-07-06 01:49:39.335999","53","53","1","true","PORT WAKEFIELD ROAD - WATERLOO CORNER ROAD","252","PORT WAKEFIELD ROAD; WATERLOO CORNER ROAD","PORT WAKEFIELD ROAD ; WATERLOO CORNER ROAD","138.582876","-34.732567",,"BTSites","11","2021","07","06","2","193"
"I","2022-03-06 06:39:35.747000","2022-03-06 16:39:22 +10:30","20911","970100249","2022-03-06 16:39:22 +10:30","4","0","dbo","BTRecords","17","2022","03","06","I","2021-05-28 03:25:56.725341","20911","8940","1","true","North - South Motorway Waterloo Interchange Eastern Side On Ramp","1150","North ; South Motorway ; Waterloo Interchange ; Eastern Side On Ramp","North ; South Motorway ; Waterloo Interchange ; Eastern Side On Ramp","138.578415","-34.73241",,"BTSites","12","2021","05","28","1","194"
"I","2022-03-06 06:39:35.747000","2022-03-06 16:39:22 +10:30","20911","970100249","2022-03-06 16:39:22 +10:30","4","0","dbo","BTRecords","17","2022","03","06","I","2021-07-06 01:49:39.429611","20911","8940","1","true","North - South Motorway Waterloo Interchange Eastern Side On Ramp","1150","North ; South Motorway ; Waterloo Interchange ; Eastern Side On Ramp","North ; South Motorway ; Waterloo Interchange ; Eastern Side On Ramp","138.578415","-34.73241",,"BTSites","11","2021","07","06","2","195"
"I","2022-03-06 06:40:16.470000","2022-03-06 16:39:34 +10:30","20910","970100249","2022-03-06 16:39:25 +10:30","4","0","dbo","BTRecords","17","2022","03","06","I","2021-05-28 03:25:56.724949","20910","8939","1","true","North - South Motorway Waterloo Interchange Western Side Off / On Ramp","1149","North ; South Motorway ; Waterloo Interchange ; Western Side Ramps","North ; South Motorway ; Waterloo Interchange ; Western Side Ramps","138.575211","-34.732876",,"BTSites","12","2021","05","28","1","196"
"I","2022-03-06 06:40:16.470000","2022-03-06 16:39:34 +10:30","20910","970100249","2022-03-06 16:39:25 +10:30","4","0","dbo","BTRecords","17","2022","03","06","I","2021-07-06 01:49:39.429595","20910","8939","1","true","North - South Motorway Waterloo Interchange Western Side Off / On Ramp","1149","North ; South Motorway ; Waterloo Interchange ; Western Side Ramps","North ; South Motorway ; Waterloo Interchange ; Western Side Ramps","138.575211","-34.732876",,"BTSites","11","2021","07","06","2","197"
"I","2022-03-06 06:40:16.470000","2022-03-06 16:39:47 +10:30","20911","970100249","2022-03-06 16:39:47 +10:30","4","0","dbo","BTRecords","17","2022","03","06","I","2021-05-28 03:25:56.725341","20911","8940","1","true","North - South Motorway Waterloo Interchange Eastern Side On Ramp","1150","North ; South Motorway ; Waterloo Interchange ; Eastern Side On Ramp","North ; South Motorway ; Waterloo Interchange ; Eastern Side On Ramp","138.578415","-34.73241",,"BTSites","12","2021","05","28","1","198"
"I","2022-03-06 06:40:16.470000","2022-03-06 16:39:47 +10:30","20911","970100249","2022-03-06 16:39:47 +10:30","4","0","dbo","BTRecords","17","2022","03","06","I","2021-07-06 01:49:39.429611","20911","8940","1","true","North - South Motorway Waterloo Interchange Eastern Side On Ramp","1150","North ; South Motorway ; Waterloo Interchange ; Eastern Side On Ramp","North ; South Motorway ; Waterloo Interchange ; Eastern Side On Ramp","138.578415","-34.73241",,"BTSites","11","2021","07","06","2","199"
